pts,fgm,fga,ftm,fg3m,reb,ast,stl,blk,tov,wl
127,48,105,14,17,54,25,8,9,8,W
104,37,84,13,17,44,19,3,9,13,L
121,41,93,25,14,50,30,9,2,17,W
114,45,95,9,15,45,21,7,4,18,L
122,42,90,21,17,51,29,2,10,17,L
123,46,107,18,13,46,29,9,5,8,W
94,37,86,13,7,48,18,8,5,17,W
88,36,90,10,6,47,17,7,5,17,L
134,48,117,17,21,56,34,13,9,18,L
138,51,105,19,17,55,27,9,10,19,W
83,30,97,16,7,54,14,10,4,19,L
98,36,81,21,5,51,20,14,8,22,W
121,47,93,13,14,36,38,6,5,11,L
132,53,100,12,14,53,28,8,8,12,W
106,40,88,15,11,41,21,13,3,24,L
124,42,87,24,16,46,26,18,12,18,W
97,39,93,6,13,44,28,5,6,14,L
117,44,85,16,13,47,24,9,5,13,W
97,35,86,18,9,44,17,6,6,16,L
123,49,98,12,13,43,32,8,3,8,W
86,34,91,11,7,50,19,4,2,15,L
107,40,91,13,14,53,18,6,5,10,W
110,44,83,5,17,46,25,9,1,19,W
98,36,87,12,14,45,23,9,3,18,L
121,45,93,19,12,49,25,5,5,13,L
124,42,92,23,17,43,24,6,4,10,W
113,45,94,8,15,55,31,8,9,13,W
87,31,93,12,13,50,16,7,3,15,L
137,51,96,20,15,58,28,8,2,11,W
95,32,84,19,12,38,19,6,0,15,L
115,43,83,14,15,53,27,5,4,21,W
113,42,96,15,14,39,24,9,2,7,L
112,43,84,17,9,36,26,9,3,19,L
123,48,91,14,13,46,32,13,1,18,W
121,44,88,9,24,38,34,10,4,11,W
96,33,83,13,17,46,24,5,3,19,L
134,52,97,15,15,42,28,5,6,12,L
135,49,94,18,19,38,24,5,6,9,W
83,32,82,8,11,42,19,6,12,25,L
115,42,100,21,10,60,22,16,2,12,W
114,41,88,20,12,47,26,6,6,13,W
109,43,91,9,14,35,17,8,9,10,L
112,42,87,13,15,42,26,7,5,17,L
128,47,89,20,14,46,32,9,7,14,W
124,48,95,11,17,54,29,12,10,17,W
91,34,91,9,14,39,22,9,4,19,L
102,44,86,5,9,41,26,10,2,21,W
96,40,84,10,6,39,24,11,2,20,L
105,34,86,22,15,46,25,7,3,16,L
115,42,86,21,10,47,31,8,2,12,W
101,39,99,15,8,52,20,15,5,15,L
110,37,90,20,16,51,16,14,3,19,W
95,38,99,9,10,54,20,5,3,9,L
101,37,89,20,7,54,23,6,6,10,W
91,35,91,12,9,55,18,4,2,22,L
102,38,97,16,10,55,18,10,5,16,W
103,38,91,13,14,50,24,6,6,9,W
95,34,85,16,11,49,17,7,6,12,L
97,35,84,16,11,42,24,13,11,13,W
82,34,88,9,5,53,14,9,8,23,L
89,31,89,18,9,61,15,10,5,30,L
96,39,96,6,12,47,22,13,8,20,W
121,44,83,18,15,44,21,6,5,22,W
111,48,99,5,10,38,29,10,4,13,L
105,43,89,10,9,38,27,6,1,14,L
134,51,94,11,21,48,24,8,5,9,W
114,43,99,15,13,44,23,7,4,7,L
120,42,90,21,15,48,26,5,3,11,W
95,38,87,10,9,44,18,10,8,17,L
111,43,94,15,10,48,26,10,5,12,W
104,37,100,17,13,52,20,8,8,12,L
110,36,88,26,12,57,22,7,4,13,W
107,38,86,16,15,43,22,10,6,12,W
97,32,75,19,14,40,20,7,4,20,L
115,41,88,16,17,47,25,4,9,12,W
103,40,84,15,8,42,24,9,4,11,L
119,43,97,20,13,43,26,12,3,7,W
107,42,86,8,15,47,26,0,4,19,L
121,45,84,15,16,36,29,10,12,17,W
118,45,100,15,13,49,25,13,4,17,L
140,50,101,21,19,53,33,8,9,12,W
129,46,103,18,19,52,26,4,6,14,L
119,41,85,26,11,42,24,13,6,14,W
109,40,90,15,14,47,23,6,1,19,L
122,46,90,18,12,49,24,11,3,16,W
104,40,91,15,9,36,26,7,6,14,L
104,40,94,14,10,54,23,6,4,9,W
90,33,95,15,9,53,16,5,5,12,L
107,41,87,19,6,42,28,10,2,11,W
90,33,81,12,12,39,21,7,6,18,L
111,39,81,21,12,29,24,11,3,13,W
108,40,83,16,12,47,27,8,1,21,L
107,39,87,19,10,60,19,5,5,20,W
98,31,90,21,15,41,20,10,7,11,L
99,38,82,16,7,49,26,8,5,16,W
87,35,86,8,9,47,21,10,3,22,L
116,44,93,14,14,43,37,21,6,17,W
86,32,85,14,8,47,15,11,4,30,L
112,41,87,14,16,45,24,7,5,15,W
99,36,82,15,12,40,24,9,4,15,L
106,39,83,14,14,46,30,9,8,15,W
98,36,86,14,12,42,19,7,3,14,L
116,43,93,18,12,50,25,9,7,15,W
106,36,86,18,16,49,24,7,3,17,L
125,50,105,17,8,56,20,8,10,13,W
121,48,108,12,13,59,33,10,6,16,L
110,42,83,16,10,35,19,9,3,13,L
122,44,85,22,12,41,20,5,6,14,W
111,43,88,10,15,33,22,6,2,19,L
120,43,83,20,14,40,22,14,4,17,W
107,37,85,23,10,37,18,9,5,13,L
116,43,84,21,9,47,18,8,7,16,W
106,38,96,22,8,62,21,6,2,15,W
93,33,85,13,14,42,21,7,7,16,L
100,38,79,14,10,40,19,6,7,23,L
118,46,100,12,14,41,22,18,6,12,W
102,40,96,14,8,55,21,4,4,11,W
99,40,93,8,11,44,24,5,6,10,L
108,39,95,16,14,43,22,10,3,9,L
113,43,91,14,13,49,29,5,4,17,W
115,46,92,12,11,40,29,8,2,17,L
123,43,86,22,15,42,21,8,3,16,W
107,42,93,17,6,56,23,6,6,11,L
110,42,95,11,15,40,28,7,6,12,W
116,39,84,23,15,48,22,11,6,14,W
96,35,96,9,17,50,27,9,3,22,L
92,33,81,23,3,57,12,9,3,21,W
79,31,87,8,9,36,19,13,2,14,L
110,38,76,22,12,46,22,7,9,21,W
102,35,86,19,13,37,22,11,4,14,L
111,48,88,9,6,43,26,4,3,13,L
122,46,99,17,13,51,26,6,4,9,W
103,36,84,20,11,37,25,6,5,7,L
104,39,85,15,11,49,16,5,7,13,W
91,31,95,20,9,41,15,8,3,11,L
122,41,85,24,16,58,24,8,4,20,W
104,41,89,4,18,45,18,4,7,13,W
99,39,88,9,12,48,21,6,11,15,L
101,39,90,9,14,48,29,8,7,23,L
104,39,97,14,12,51,25,17,9,18,W
109,41,87,11,16,46,24,1,5,17,L
110,43,86,15,9,40,18,11,2,8,W
105,34,76,31,6,50,20,9,6,18,W
98,37,93,16,8,46,20,9,7,14,L
114,43,91,19,9,60,23,6,3,18,W
99,35,90,16,13,37,21,8,6,11,L
109,42,98,16,9,49,18,9,6,10,L
113,40,80,24,9,45,19,4,5,14,W
75,23,78,21,8,36,14,8,3,15,L
106,43,83,9,11,51,28,8,3,20,W
92,34,87,9,15,43,17,7,5,13,L
111,41,98,10,19,63,21,8,6,14,W
101,37,87,15,12,36,28,10,1,15,L
113,46,84,9,12,42,24,9,6,22,W
112,44,107,22,2,54,23,8,10,12,L
115,38,104,29,10,62,19,6,7,13,W
103,38,87,11,16,46,21,5,6,18,L
110,36,89,24,14,48,26,12,6,16,W
117,42,92,22,11,43,30,7,3,12,L
123,42,81,20,19,37,22,7,4,12,W
94,35,81,11,13,40,25,8,10,20,L
97,39,92,8,11,48,18,8,4,18,W
94,36,95,14,8,49,24,6,1,19,L
122,46,86,18,12,37,24,11,6,12,W
107,39,91,24,5,45,16,8,5,9,W
99,35,92,18,11,54,15,5,7,20,L
129,46,88,16,21,50,31,12,2,18,W
103,34,88,19,16,32,26,14,7,14,L
93,36,89,11,10,52,20,6,2,21,L
102,39,95,17,7,49,28,12,3,10,W
103,39,92,4,21,56,30,9,8,16,W
82,29,83,16,8,45,14,8,6,16,L
93,36,88,12,9,48,24,11,10,18,W
91,35,89,8,13,46,21,8,6,20,L
92,36,91,6,14,47,21,8,3,19,L
101,39,84,17,6,52,27,12,3,15,W
105,40,90,13,12,45,24,8,4,10,W
99,38,96,16,7,56,20,6,3,13,L
113,43,97,10,17,47,30,4,5,12,L
125,46,89,13,20,44,36,4,6,9,W
95,39,96,5,12,44,16,7,3,11,L
107,35,75,25,12,44,13,6,10,13,W
117,47,72,10,13,41,30,7,2,20,W
91,32,79,15,12,29,21,12,3,15,L
85,32,76,15,6,55,18,8,3,27,L
95,39,96,8,9,43,22,15,9,14,W
113,39,90,26,9,49,21,12,7,16,W
110,42,101,11,15,46,27,12,12,17,L
131,52,91,9,18,39,37,11,4,16,W
118,47,89,10,14,36,34,6,4,17,L
113,43,83,14,13,34,34,11,6,11,W
103,40,84,11,12,45,21,5,2,15,L
118,38,83,29,13,47,24,9,5,11,W
111,41,86,16,13,36,27,7,4,12,L
114,42,96,15,15,38,20,10,1,9,L
128,49,86,17,13,50,30,7,8,18,W
104,35,76,18,16,41,20,3,4,17,L
113,43,99,13,14,48,24,12,4,9,W
97,39,88,10,9,40,27,8,8,12,L
106,44,97,5,13,55,20,8,4,13,W
97,36,97,11,14,47,21,8,1,14,L
115,37,82,24,17,51,21,5,7,16,W
99,35,92,14,15,51,18,8,5,14,W
94,35,90,13,11,51,17,8,6,16,L
117,42,84,16,17,52,28,7,8,17,W
89,30,93,21,8,43,21,5,5,14,L
110,37,84,22,14,41,17,1,3,10,L
125,43,83,26,13,45,25,6,5,7,W
113,42,93,17,12,38,24,8,8,11,L
119,43,98,19,14,59,16,7,6,17,W
100,36,91,15,13,43,21,17,6,18,L
112,43,82,17,9,42,32,8,4,19,W
117,48,91,5,16,38,27,8,4,25,L
119,49,93,15,6,43,26,10,4,17,W
107,39,74,14,15,43,29,4,2,19,W
104,40,90,11,13,39,24,12,6,9,L
98,36,87,21,5,46,23,7,6,10,L
111,42,91,11,16,49,26,7,7,13,W
92,33,79,16,10,50,24,7,9,11,W
79,27,84,16,9,46,15,8,1,15,L
98,38,82,16,6,47,19,11,4,16,L
103,38,77,15,12,35,24,9,4,14,W
109,41,88,17,10,42,17,10,3,12,W
100,34,78,24,8,44,19,6,7,13,L
108,41,94,13,13,52,23,8,4,14,L
117,43,88,9,22,42,34,7,8,16,W
106,43,91,12,8,44,24,7,4,12,L
108,42,81,8,16,36,28,9,7,12,W
126,47,78,11,21,35,33,6,7,21,W
115,43,94,15,14,39,27,11,2,17,L
109,40,93,21,8,56,21,10,4,19,W
108,43,88,15,7,40,25,10,10,15,L
114,42,86,12,18,53,33,14,4,17,W
92,34,91,14,10,49,18,10,2,16,L
99,37,86,13,12,40,24,1,3,17,L
112,42,80,18,10,37,27,8,7,8,W
109,41,83,15,12,49,22,8,3,15,W
98,35,87,17,11,41,21,6,2,11,L
98,35,82,21,7,32,18,11,4,9,L
116,41,81,17,17,46,30,6,4,17,W
95,31,78,17,16,46,16,7,4,16,W
78,28,81,13,9,45,18,8,0,18,L
111,38,88,24,11,43,25,4,4,19,L
123,44,93,21,14,46,29,12,8,12,W
104,39,94,14,12,49,22,8,5,14,L
107,37,87,18,15,50,23,7,2,16,W
96,36,80,13,11,45,25,3,4,17,W
90,33,87,13,11,44,17,11,6,14,L
89,35,89,7,12,43,23,9,12,18,L
102,40,90,16,6,48,23,11,7,13,W
87,34,96,13,6,39,19,12,4,9,L
115,49,84,7,10,53,34,4,6,19,W
102,38,83,16,10,39,22,4,3,18,W
101,42,99,5,12,45,20,10,8,10,L
98,33,82,16,16,37,19,5,5,15,L
113,41,96,21,10,59,16,12,4,15,W
104,36,88,26,6,62,18,12,4,17,W
84,31,89,5,17,42,17,8,7,22,L
85,31,88,12,11,42,23,6,3,19,L
126,47,91,12,20,49,36,10,4,11,W
106,43,88,6,14,40,28,8,2,11,L
110,40,82,13,17,42,27,7,4,14,W
140,48,87,22,22,56,29,5,1,18,W
110,43,92,13,11,28,29,8,5,10,L
95,36,89,14,9,45,19,10,5,11,W
94,35,75,16,8,47,19,8,6,17,L
118,47,78,13,11,36,30,3,1,14,W
115,43,83,14,15,31,26,10,3,6,L
105,37,92,24,7,46,20,7,1,9,L
114,43,81,15,13,41,22,6,5,14,W
104,42,86,11,9,36,20,6,2,11,L
107,41,78,12,13,40,19,7,6,15,W
117,42,97,20,13,50,18,3,1,12,L
121,45,88,17,14,42,26,8,6,12,W
90,31,90,19,9,59,20,8,5,19,L
105,36,95,18,15,52,22,14,7,12,W
116,41,80,17,17,48,29,3,0,16,W
103,41,87,14,7,35,23,10,6,8,L
126,49,90,9,19,48,31,8,2,17,W
109,39,85,22,9,32,21,9,9,11,L
107,43,87,9,12,39,24,8,8,13,W
100,34,89,24,8,50,21,10,7,18,L
94,37,94,10,10,49,17,14,3,13,L
101,41,81,8,11,42,24,8,8,19,W
94,37,83,14,6,54,13,8,7,21,W
91,31,84,19,10,33,20,14,6,12,L
94,41,100,6,6,46,29,9,10,10,L
99,35,94,17,12,57,21,5,7,15,W
120,44,85,17,15,41,31,12,3,17,W
107,36,79,25,10,42,17,11,3,21,L
120,41,86,20,18,50,24,8,5,20,W
106,41,101,14,10,44,20,13,2,13,L
103,40,91,10,13,55,25,4,4,13,W
96,35,91,13,13,47,20,7,6,9,L
118,46,98,17,9,56,21,8,5,9,W
95,34,86,16,11,42,19,6,7,15,L
118,41,97,19,17,45,23,7,8,16,L
125,46,92,22,11,51,28,7,8,16,W
92,37,87,9,9,39,27,7,0,14,L
108,43,85,8,14,46,27,7,3,13,W
113,42,91,17,12,49,28,7,5,10,W
96,31,78,21,13,37,22,3,3,13,L
113,38,82,20,17,35,21,6,2,18,L
127,44,92,21,18,39,31,13,4,14,W
109,44,93,9,12,38,28,14,9,15,W
104,37,82,20,10,46,18,6,6,24,L
126,44,91,25,13,51,30,11,8,15,W
123,43,99,23,14,55,23,5,3,18,L
118,44,95,15,15,52,21,5,6,9,W
109,42,103,11,14,46,21,7,7,7,L
98,37,85,6,18,32,22,6,5,13,L
110,41,81,13,15,44,21,8,4,15,W
117,44,85,13,16,43,25,5,0,8,W
109,43,91,9,14,43,29,6,5,10,L
94,35,76,15,9,40,21,7,4,15,L
97,35,84,17,10,49,25,9,2,12,W
123,46,91,15,16,49,29,8,5,15,W
90,35,92,16,4,49,19,10,3,17,L
104,42,94,10,10,44,21,10,5,15,W
88,33,77,16,6,41,20,8,8,18,L
112,40,90,6,26,50,29,4,4,15,W
100,36,83,12,16,38,19,9,10,11,L
104,35,82,22,12,42,17,5,5,16,L
112,42,97,12,16,49,23,6,6,14,W
117,45,89,12,15,46,26,9,2,11,W
107,38,83,19,12,43,23,9,4,12,L
108,45,107,9,9,57,27,14,8,16,L
118,41,90,21,15,49,32,13,7,17,W
100,34,97,23,9,50,24,13,5,10,L
108,37,87,24,10,56,23,6,4,18,W
117,47,91,13,10,44,20,4,6,15,L
136,49,92,20,18,43,34,11,3,8,W
101,36,84,17,12,39,19,5,4,10,W
98,40,84,7,11,48,22,5,11,15,L
119,49,94,10,11,39,27,6,6,11,W
109,44,91,14,7,46,24,5,2,16,L
123,40,85,32,11,53,23,14,6,16,W
110,39,95,15,17,40,30,8,4,17,L
120,46,92,10,18,50,26,5,6,23,W
117,40,96,27,10,47,26,14,2,14,L
109,40,88,18,11,39,29,8,8,12,L
115,42,96,17,14,47,25,10,7,12,W
111,43,96,14,11,53,19,7,5,13,W
100,39,83,13,9,37,22,6,4,12,L
112,43,91,15,11,42,20,9,9,12,W
109,43,97,14,9,50,18,9,4,15,L
96,36,93,11,13,51,17,8,5,19,L
104,39,90,16,10,49,25,10,5,14,W
122,47,96,16,12,53,22,5,7,17,W
113,44,98,9,16,39,23,7,3,13,L
98,39,82,6,14,40,27,12,6,21,W
78,29,79,11,9,43,18,12,5,23,L
92,34,85,17,7,49,13,6,6,13,L
104,34,87,25,11,52,21,10,4,14,W
119,46,94,9,18,46,28,12,6,12,W
94,37,98,13,7,59,19,6,6,15,L
112,43,88,13,13,43,26,6,5,16,L
120,41,82,20,18,34,27,9,4,12,W
103,38,95,13,14,49,20,5,7,14,L
105,42,99,11,10,52,13,8,6,10,W
123,46,100,13,18,48,30,9,7,6,W
109,41,84,14,13,41,30,3,3,13,L
96,38,93,15,5,50,20,2,5,8,L
105,40,90,15,10,49,26,6,5,8,W
93,34,78,17,8,38,18,9,2,20,L
119,45,93,14,15,47,27,15,3,16,W
83,29,82,16,9,44,17,12,8,20,L
107,43,94,9,12,54,24,10,4,16,W
111,42,85,14,13,48,23,6,3,21,W
105,35,85,18,17,38,23,13,2,17,L
118,47,82,10,14,37,33,7,10,15,W
113,38,89,25,12,46,16,11,2,14,L
92,31,92,17,13,44,21,7,5,13,L
104,42,84,8,12,48,29,6,7,16,W
112,38,79,22,14,37,29,5,6,14,W
101,38,88,17,8,39,21,6,6,9,L
121,44,87,20,13,39,21,9,1,13,L
127,43,79,26,15,34,34,5,6,14,W
89,33,78,17,6,47,20,7,3,20,L
91,31,81,19,10,39,17,10,4,11,W
129,53,99,7,16,57,35,6,8,14,W
102,40,102,11,11,41,25,8,6,11,L
114,43,83,13,15,46,28,6,5,16,W
106,40,90,10,16,43,28,9,2,15,L
120,47,97,11,15,51,21,6,1,13,W
100,38,84,10,14,30,24,8,3,11,L
102,38,90,17,9,49,31,8,7,15,L
106,42,88,8,14,39,23,10,2,13,W
89,35,85,12,7,48,19,7,5,23,L
115,42,97,17,14,52,19,16,7,10,W
120,41,82,20,18,44,31,8,3,15,W
96,36,90,10,14,44,20,9,2,14,L
124,47,90,11,19,49,29,9,1,11,W
95,35,80,12,13,36,22,8,4,13,L
100,38,86,13,11,45,19,9,4,15,W
90,29,81,21,11,44,16,7,7,20,L
98,36,78,16,10,46,23,7,6,14,W
92,32,83,12,16,42,18,6,3,14,L
129,52,98,9,16,47,32,11,5,14,W
107,39,96,16,13,47,23,7,2,18,L
100,30,74,29,11,45,20,2,3,12,L
105,39,84,17,10,42,23,9,4,6,W
129,47,85,21,14,46,32,10,7,11,W
111,43,95,9,16,41,30,8,5,16,L
92,37,86,7,11,46,22,1,5,12,W
84,32,86,12,8,44,16,6,6,9,L
111,45,90,7,14,44,30,7,2,9,W
101,40,84,12,9,46,20,4,5,12,L
102,36,95,19,11,46,24,6,5,18,L
136,52,96,16,16,49,33,14,8,10,W
96,31,85,21,13,54,18,8,3,21,L
99,32,85,28,7,52,21,8,2,15,W
103,37,82,11,18,45,22,11,5,19,W
90,34,83,7,15,42,26,6,10,20,L
118,46,82,10,16,39,25,6,7,14,W
113,41,89,16,15,39,20,7,2,11,L
121,49,89,8,15,36,31,9,2,17,W
103,36,79,25,6,43,19,10,5,19,L
117,41,79,22,13,53,25,4,8,22,W
99,34,88,21,10,38,21,12,2,12,L
85,33,90,13,6,42,19,5,5,9,L
120,46,89,12,16,56,27,5,8,11,W
106,37,85,20,12,52,16,9,3,21,W
92,41,95,5,5,41,26,10,4,16,L
87,33,90,13,8,48,23,7,5,11,L
97,42,96,3,10,59,30,6,8,11,W
89,33,79,14,9,43,14,5,5,18,L
97,34,80,21,8,42,16,13,5,13,W
110,41,81,15,13,40,28,9,4,14,W
99,37,84,14,11,42,24,9,2,14,L
99,35,89,18,11,50,20,9,1,14,L
109,38,83,21,12,47,29,7,3,12,W
98,33,75,22,10,38,18,6,3,17,L
113,42,87,14,15,39,29,6,2,11,W
98,37,88,8,16,45,25,5,7,18,L
104,39,96,15,11,51,20,7,3,15,W
102,40,96,10,12,48,24,8,4,13,L
109,40,87,17,12,52,22,9,4,15,W
107,41,82,15,10,35,20,8,10,17,W
97,34,93,19,10,47,19,7,3,20,L
89,32,90,13,12,46,16,6,4,14,L
101,41,92,9,10,56,18,10,6,14,W
98,38,91,6,16,49,28,5,2,10,L
105,41,93,10,13,49,27,6,7,8,W
107,39,83,16,13,36,23,7,9,15,L
112,37,84,27,11,44,26,10,5,17,W
89,34,80,9,12,42,22,6,3,20,L
104,41,83,7,15,34,36,12,2,11,W
112,41,82,20,10,41,27,10,1,6,W
97,38,77,6,15,37,25,4,3,17,L
108,42,90,8,16,34,24,6,6,14,L
120,52,96,5,11,47,28,8,7,12,W
115,41,86,12,21,47,30,5,9,13,W
90,35,84,14,6,42,26,7,6,12,L
89,32,89,13,12,46,22,6,4,11,L
103,43,85,6,11,45,22,5,7,10,W
103,39,94,15,10,35,24,10,3,13,L
119,44,80,12,19,46,34,8,9,24,W
118,41,88,25,11,38,19,10,6,10,L
121,44,81,21,12,45,28,8,7,17,W
105,38,80,17,12,48,22,8,4,19,W
102,32,80,24,14,35,21,11,7,13,L
130,44,88,31,11,51,22,7,2,14,W
108,39,84,18,12,33,20,5,6,12,L
115,41,91,23,10,43,19,6,13,11,W
113,40,89,19,14,45,26,7,6,13,L
96,31,83,22,12,53,21,9,5,13,W
89,32,91,13,12,53,17,6,4,12,L
94,38,87,5,13,55,19,9,1,13,W
81,34,90,4,9,43,22,7,4,12,L
114,41,93,24,8,50,19,7,3,11,W
108,39,82,16,14,38,24,5,5,14,L
104,37,90,18,12,40,25,15,1,10,L
112,44,85,10,14,53,28,7,4,18,W
89,32,84,16,9,40,15,8,4,15,L
108,38,84,20,12,53,20,9,9,17,W
99,38,84,13,10,48,21,5,8,22,L
106,33,78,22,18,37,25,12,7,15,W
94,35,88,18,6,52,17,7,5,16,L
111,42,91,13,14,46,28,11,9,11,W
100,38,81,17,7,37,21,7,3,14,L
103,36,74,20,11,35,22,6,2,20,W
115,43,82,17,12,46,24,6,6,12,W
105,43,102,9,10,51,26,6,2,10,L
111,41,88,12,17,48,28,4,7,7,W
105,39,96,9,18,54,23,5,0,10,L
117,37,82,24,19,60,25,6,5,14,W
108,39,98,11,19,39,26,5,3,10,L
138,49,91,20,20,50,28,12,6,13,W
95,29,83,28,9,33,21,7,5,16,L
111,41,81,19,10,32,24,7,4,12,L
118,40,80,23,15,38,23,6,7,13,W
105,41,91,13,10,35,20,8,5,8,L
123,46,91,14,17,52,20,5,2,13,W
91,34,83,17,6,39,21,6,5,10,L
97,36,75,13,12,42,18,5,2,15,W
121,45,92,21,10,51,29,7,8,13,W
116,43,97,16,14,39,27,7,6,11,L
109,37,88,24,11,44,21,5,1,10,W
103,35,84,26,7,44,16,4,11,14,L
97,33,90,20,11,42,20,5,1,10,L
126,46,87,23,11,51,34,7,3,13,W
119,39,79,19,22,47,31,5,7,16,W
104,39,99,11,15,47,25,7,4,11,L
112,36,93,26,14,53,24,6,5,15,L
117,45,95,16,11,42,32,6,6,10,W
103,36,94,22,9,65,23,6,6,18,L
109,40,91,14,15,36,21,11,4,10,W
113,42,87,15,14,44,25,6,6,8,W
101,39,97,13,10,50,24,5,5,10,L
108,39,92,18,12,58,19,10,3,15,W
90,31,83,17,11,42,19,5,4,15,L
77,31,85,9,6,38,13,6,2,9,L
109,40,90,16,13,59,27,7,12,13,W
123,44,94,17,18,55,28,10,7,13,W
92,34,93,13,11,47,16,6,4,16,L
96,37,88,16,6,48,24,6,6,23,L
110,40,100,20,10,49,21,14,9,12,W
115,45,88,13,12,44,25,10,0,15,W
111,49,93,8,5,44,23,9,4,15,L
118,41,87,19,17,46,26,5,10,14,L
119,42,95,22,13,50,24,10,4,7,W
102,36,85,21,9,45,19,9,6,7,W
94,33,80,21,7,49,17,4,0,14,L
100,35,76,21,9,51,22,9,3,17,W
92,35,84,12,10,35,22,7,1,15,L
100,34,91,21,11,50,23,8,3,12,L
106,37,82,17,15,52,23,7,4,17,W
100,38,78,9,15,37,26,6,5,19,L
119,45,88,14,15,43,25,12,7,9,W
112,39,89,22,12,42,22,11,5,15,W
104,35,85,24,10,47,17,5,3,19,L
115,43,97,17,12,44,22,7,0,10,L
120,45,86,22,8,47,26,4,2,15,W
124,42,95,25,15,52,20,5,4,12,W
116,42,104,19,13,52,25,3,5,11,L
99,38,93,8,15,51,23,5,1,15,L
106,39,93,16,12,49,26,11,11,10,W
104,34,91,25,11,45,25,6,5,11,L
123,43,85,23,14,50,29,8,4,10,W
113,44,96,10,15,40,26,12,6,14,L
118,42,84,17,17,46,27,5,6,22,W
126,47,89,18,14,34,25,8,4,10,W
113,42,82,20,9,40,25,6,3,15,L
114,42,87,15,15,56,23,5,6,16,W
93,34,95,14,11,44,16,7,1,9,L
101,33,74,20,15,40,25,6,2,21,L
113,38,93,19,18,52,24,10,7,18,W
127,44,96,27,12,52,33,13,2,11,W
102,36,84,23,7,45,23,5,3,19,L
104,37,82,15,15,43,21,7,4,13,L
110,39,86,17,15,43,19,11,8,10,W
124,45,88,22,12,44,26,10,5,11,W
106,43,100,8,12,44,27,8,4,12,L
116,42,80,17,15,41,32,7,5,16,W
96,34,80,20,8,41,17,10,7,21,L
121,44,94,21,12,43,27,9,1,15,L
125,45,86,23,12,43,21,4,4,14,W
107,39,91,18,11,54,26,9,4,15,W
96,33,90,22,8,52,17,8,4,15,L
115,45,100,14,11,45,24,8,6,12,L
133,49,88,12,23,44,32,5,7,16,W
97,34,92,17,12,51,13,7,1,16,L
118,44,79,17,13,35,28,10,2,11,W
123,48,86,10,17,47,32,11,1,14,W
88,30,80,21,7,36,18,7,5,15,L
114,47,97,9,11,53,31,6,4,13,W
97,37,89,16,7,41,17,8,3,11,L
132,52,89,15,13,49,33,8,5,12,W
100,37,91,14,12,36,27,8,7,13,L
99,38,94,12,11,41,23,7,4,10,L
101,38,79,15,10,43,17,2,12,15,W
88,34,92,10,10,51,20,4,8,11,L
96,38,87,14,6,53,21,7,6,11,W
109,40,92,12,17,31,24,9,2,8,L
120,46,73,12,16,44,24,3,7,22,W
98,38,89,11,11,39,27,8,4,14,W
97,36,80,12,13,43,17,6,8,18,L
118,47,87,12,12,48,31,8,5,15,W
103,36,86,18,13,37,23,7,2,10,L
137,51,102,20,15,51,32,9,6,19,L
141,54,120,19,14,56,32,11,4,15,W
121,48,96,11,14,54,22,7,6,21,W
120,39,93,30,12,44,27,13,5,16,L
90,33,93,15,9,52,18,8,6,7,L
99,36,82,16,11,50,20,4,3,10,W
107,42,84,16,7,47,25,7,5,20,L
113,41,92,18,13,41,17,11,1,13,W
105,41,90,9,14,51,28,3,9,13,W
92,35,88,14,8,43,21,11,5,9,L
104,38,81,17,11,47,22,6,4,23,L
107,37,86,19,14,36,23,13,1,10,W
146,51,95,21,23,41,36,5,4,15,W
143,48,103,27,20,39,31,10,5,11,L
114,42,89,16,14,35,23,7,4,7,L
120,45,78,21,9,43,28,4,4,15,W
105,40,93,17,8,45,27,8,3,15,L
127,45,80,17,20,41,24,9,4,18,W
105,38,86,12,17,43,25,19,2,17,W
90,32,80,17,9,47,18,8,3,25,L
118,46,90,18,8,52,27,7,3,14,W
100,38,92,12,12,45,21,6,2,13,L
109,34,82,29,12,53,24,5,3,18,W
97,35,93,14,13,44,19,6,5,11,L
101,33,97,26,9,49,17,5,8,8,L
128,50,104,15,13,68,30,4,11,10,W
110,43,86,15,9,42,32,11,8,12,W
106,38,89,17,13,53,29,5,4,17,L
96,37,90,14,8,55,20,7,6,12,L
101,39,97,13,10,55,24,7,6,11,W
120,43,74,16,18,35,32,2,1,13,W
111,43,91,10,15,39,32,2,1,9,L
133,53,89,13,14,41,35,3,5,11,W
119,42,88,17,18,34,23,7,9,9,L
102,40,96,7,15,60,31,7,5,14,W
89,31,87,20,7,45,16,10,10,13,L
100,36,82,19,9,47,25,8,5,14,W
98,36,91,17,9,47,27,6,3,14,L
114,45,80,14,10,48,29,3,4,20,W
96,39,89,6,12,33,20,8,7,10,L
116,49,92,10,8,51,28,4,6,10,W
99,41,92,8,9,40,26,5,3,7,L
107,42,91,12,11,42,19,1,3,9,L
129,47,89,16,19,43,30,6,3,5,W
123,48,94,13,14,47,30,11,1,8,W
104,37,72,16,14,35,17,2,2,15,L
112,41,85,22,8,38,27,7,7,9,W
110,44,91,11,11,42,27,5,2,11,L
91,36,91,9,10,44,14,7,9,18,L
98,36,93,16,10,54,18,13,10,17,W
96,36,86,10,14,51,25,7,5,23,L
104,43,87,6,12,35,28,12,4,13,W
110,41,96,14,14,43,24,8,5,11,W
92,29,76,25,9,45,17,4,7,19,L
117,46,92,14,11,47,21,10,6,15,W
92,35,79,16,6,40,22,11,4,20,L
114,44,86,10,16,41,24,4,8,13,W
111,44,90,13,10,40,23,8,4,10,L
103,39,80,15,10,35,22,5,4,15,L
108,44,81,14,6,39,26,8,6,13,W
107,37,88,22,11,39,15,3,6,13,L
115,45,91,15,10,52,34,6,7,14,W
88,33,79,11,11,46,18,5,8,13,W
87,33,89,13,8,46,20,7,9,7,L
111,37,68,21,16,46,27,8,14,21,W
85,32,85,9,12,28,21,8,4,13,L
127,46,94,21,14,45,29,10,1,13,W
125,43,87,18,21,36,30,8,9,17,L
107,40,89,14,13,32,22,10,1,16,L
139,57,83,7,18,34,32,7,2,18,W
114,40,79,19,15,40,25,9,12,19,W
110,40,85,22,8,35,16,9,6,13,L
115,47,100,12,9,49,35,8,6,13,L
124,46,88,17,15,38,28,8,1,12,W
119,44,89,20,11,39,24,10,8,15,W
115,42,82,22,9,39,19,10,8,18,L
93,32,85,18,11,47,16,4,4,15,L
97,37,88,9,14,47,23,10,7,14,W
79,25,76,18,11,26,14,2,5,20,L
152,60,96,13,19,53,41,16,9,10,W
114,43,79,16,12,44,23,8,3,15,W
103,36,80,20,11,36,20,6,6,13,L
83,29,82,13,12,41,19,8,6,18,L
114,44,91,12,14,48,32,10,5,14,W
113,43,81,11,16,38,24,5,6,13,W
104,35,80,25,9,39,20,7,3,13,L
116,42,89,19,13,54,30,2,5,16,W
101,38,82,15,10,33,21,5,4,10,L
96,31,76,24,10,47,20,5,3,15,L
98,38,81,13,9,40,22,8,5,11,W
105,36,93,20,13,44,22,5,4,18,L
110,36,76,32,6,41,26,4,4,17,W
118,44,92,13,17,35,33,7,5,12,W
116,42,86,19,13,45,24,6,4,18,L
107,37,90,21,12,55,30,5,5,10,W
91,32,79,17,10,42,17,4,3,15,L
130,47,91,22,14,30,23,9,3,6,L
137,45,81,20,27,44,26,3,3,20,W
118,45,92,9,19,51,30,10,8,17,W
96,31,81,26,8,38,23,9,3,16,L
119,41,81,21,16,34,28,5,3,10,W
115,45,90,13,12,43,28,8,3,12,L
113,44,84,5,20,42,30,10,5,13,W
99,35,88,17,12,40,23,7,3,11,L
111,41,86,19,10,47,22,4,10,9,W
107,46,111,7,8,55,28,8,6,7,L
102,34,84,17,17,39,29,6,5,15,L
124,44,98,18,18,57,32,3,6,14,W
90,31,92,13,15,42,19,10,1,15,L
97,37,76,14,9,52,20,10,5,23,W
107,40,90,14,13,45,26,6,2,13,L
112,42,88,16,12,45,24,10,4,12,W
145,49,87,26,21,46,26,5,7,12,W
117,42,89,25,8,32,22,7,2,9,L
99,34,89,18,13,47,23,7,3,18,L
104,36,86,20,12,51,19,8,8,17,W
108,42,91,10,14,45,20,12,5,14,L
109,40,90,9,20,46,24,8,5,17,W
127,48,93,14,17,45,29,4,3,11,L
130,46,86,21,17,39,21,9,3,6,W
102,38,85,18,8,47,22,3,1,8,W
90,30,73,22,8,43,20,4,5,10,L
108,40,94,18,10,50,19,9,9,8,L
118,39,79,23,17,40,24,3,3,14,W
127,46,87,20,15,49,28,6,9,15,W
124,48,107,12,16,42,31,6,6,8,L
114,41,82,23,9,40,22,10,11,11,W
103,41,99,5,16,52,21,8,7,17,L
116,43,82,21,9,40,25,10,10,16,W
110,43,81,17,7,30,25,11,2,12,L
90,35,76,14,6,36,26,11,6,23,L
105,38,89,16,13,47,26,11,6,19,W
109,41,91,14,13,55,25,4,7,11,W
97,38,96,10,11,50,30,5,2,11,L
104,35,90,19,15,39,27,8,4,10,L
112,40,86,19,13,53,21,7,5,17,W
121,40,90,16,25,49,31,5,8,12,W
110,39,98,15,17,50,22,9,5,8,L
108,43,94,12,10,49,27,6,4,17,W
104,40,93,13,11,41,31,12,6,15,L
126,43,87,20,20,43,28,15,2,15,W
95,33,76,18,11,38,18,10,4,23,L
102,41,92,9,11,37,18,8,7,13,W
90,35,79,15,5,45,16,6,6,18,L
99,36,90,18,9,39,21,6,2,4,L
102,42,83,10,8,50,28,3,4,12,W
121,43,91,17,18,52,22,7,5,11,W
109,41,92,15,12,43,30,5,4,10,L
102,36,82,20,10,34,27,8,4,13,L
117,48,93,13,8,51,25,7,4,16,W
110,36,75,25,13,36,23,6,4,17,W
106,39,80,18,10,35,22,7,4,19,L
115,44,80,14,13,42,28,10,8,16,W
92,35,84,15,7,37,21,6,3,18,L
119,42,88,23,12,45,27,6,8,17,W
116,37,79,29,13,37,22,9,4,16,L
102,36,86,21,9,36,17,6,8,13,L
122,46,86,20,10,42,27,8,4,11,W
113,40,77,11,22,42,32,6,6,22,W
104,36,85,20,12,41,18,11,4,19,L
110,38,84,17,17,40,28,12,3,14,W
109,42,93,10,15,46,27,6,5,13,L
114,40,81,20,14,38,23,9,9,14,W
104,35,89,26,8,44,18,7,3,13,L
104,37,77,18,12,47,24,5,6,19,W
96,36,90,15,9,40,23,14,3,13,L
104,38,95,11,17,37,19,9,3,16,L
136,50,88,11,25,48,26,6,4,15,W
114,47,90,9,11,46,32,8,5,25,L
120,45,88,21,9,33,28,12,4,12,W
104,33,83,24,14,47,22,9,3,16,W
94,33,80,20,8,42,24,5,3,16,L
130,48,97,18,16,43,29,2,5,13,L
142,53,97,21,15,43,24,8,7,8,W
111,41,86,19,10,47,26,11,3,23,L
114,40,85,20,14,38,20,13,7,20,W
96,38,88,14,6,34,17,9,4,12,L
118,43,91,17,15,52,22,7,5,12,W
95,36,78,11,12,45,26,8,6,22,L
108,41,94,12,14,47,28,18,5,13,W
111,42,94,12,15,33,29,7,5,9,L
123,46,88,16,15,54,32,5,7,14,W
123,48,101,13,14,48,22,11,4,14,L
124,48,87,14,14,39,29,9,8,16,W
93,39,84,11,4,37,18,7,2,14,L
106,41,87,11,13,44,28,7,3,13,W
105,37,94,20,11,49,21,10,3,15,L
113,46,93,15,6,41,26,9,7,14,W
87,29,81,20,9,55,18,4,2,15,L
90,30,87,18,12,48,21,9,7,8,W
114,42,89,11,19,40,30,9,4,16,L
123,42,83,24,15,48,19,11,8,15,W
123,46,85,18,13,47,34,8,7,17,W
106,36,92,23,11,40,24,9,5,14,L
109,41,95,14,13,60,29,6,4,16,W
93,35,90,11,12,38,22,7,6,13,L
116,41,87,15,19,47,23,12,3,16,W
95,38,96,9,10,51,21,9,3,15,L
90,35,93,16,4,46,13,7,6,13,L
111,43,96,11,14,53,25,4,9,12,W
106,42,92,4,18,45,27,7,1,8,W
104,35,80,22,12,45,21,4,5,11,L
123,48,93,14,13,49,28,5,5,9,W
98,41,89,8,8,39,17,3,3,13,L
117,41,88,23,12,47,27,13,6,14,W
103,41,93,14,7,48,19,8,6,17,L
92,31,83,13,17,34,22,5,3,16,L
118,46,93,7,19,50,37,8,6,10,W
106,38,77,19,11,40,25,5,6,16,L
113,40,80,22,11,38,22,10,3,11,W
93,34,85,13,12,42,21,5,5,13,L
102,35,76,23,9,44,19,7,5,13,W
127,47,93,13,20,41,33,9,8,12,W
112,41,89,20,10,45,28,4,4,17,L
112,42,88,14,14,46,27,11,1,15,W
97,35,82,10,17,37,27,12,2,17,L
116,41,87,23,11,43,28,8,6,18,W
104,39,92,12,14,40,24,11,5,21,L
103,38,90,18,9,54,25,5,5,9,W
84,30,80,11,13,39,19,3,7,11,L
97,40,94,9,8,42,24,8,4,14,L
112,45,91,15,7,55,31,11,5,14,W
116,38,85,26,14,42,23,9,2,17,W
111,37,81,19,18,45,25,9,8,19,L
106,41,84,11,13,44,24,12,11,14,W
94,33,88,15,13,47,17,6,4,19,L
105,36,81,17,16,42,24,6,1,14,W
94,38,85,5,13,39,26,4,4,16,L
102,42,84,10,8,47,21,6,6,18,W
100,35,87,23,7,42,16,11,5,10,L
101,38,94,14,11,53,21,5,4,17,L
124,53,98,7,11,46,28,10,8,10,W
126,42,85,27,15,40,20,9,6,12,L
132,46,96,21,19,45,27,8,5,11,W
117,43,86,11,20,40,31,6,5,13,W
103,40,90,12,11,45,22,8,3,14,L
91,37,83,13,4,38,22,5,10,15,L
126,47,89,18,14,50,29,12,6,11,W
120,43,83,15,19,50,28,4,8,13,W
96,34,86,15,13,38,22,8,2,10,L
113,37,79,29,10,49,26,8,2,13,W
107,41,90,13,12,41,25,7,5,10,L
111,43,78,16,9,45,24,5,7,17,W
95,36,96,16,7,41,22,10,3,11,L
131,50,103,17,14,60,28,7,5,18,W
129,48,105,15,18,41,26,6,6,12,L
105,35,77,20,15,49,28,3,6,12,W
96,30,83,20,16,35,18,6,6,9,L
133,50,92,15,18,61,33,13,4,18,W
87,30,89,21,6,41,17,9,7,18,L
111,44,93,12,11,49,30,7,0,14,W
107,40,96,14,13,48,23,7,3,14,L
124,45,80,16,18,44,26,6,5,17,W
89,30,78,24,5,41,20,13,1,17,L
111,42,85,16,11,40,25,11,5,13,W
99,35,90,19,10,46,25,4,2,17,L
101,35,78,13,18,44,25,5,3,18,W
96,35,79,14,12,35,26,9,5,11,L
104,39,98,14,12,51,22,4,3,11,L
107,39,90,14,15,46,24,8,2,14,W
114,44,90,12,14,38,25,10,3,9,W
99,39,83,10,11,45,24,6,6,19,L
113,39,80,24,11,49,23,6,3,12,W
110,39,93,19,13,42,22,8,4,8,L
115,39,90,25,12,38,27,5,3,8,L
131,51,86,11,18,48,34,3,4,13,W
107,38,84,17,14,42,33,5,3,18,L
124,45,88,11,23,39,24,10,5,12,W
103,40,85,13,10,42,24,6,5,16,L
124,47,89,15,15,44,26,11,4,10,W
103,31,82,26,15,38,18,9,6,15,L
113,39,82,24,11,53,22,10,5,16,W
119,45,82,21,8,39,25,7,6,11,W
105,42,89,16,5,39,20,8,3,11,L
122,45,91,25,7,41,26,6,7,9,W
113,40,81,26,7,37,20,6,4,12,L
114,44,89,15,11,48,21,4,3,15,W
105,39,89,17,10,38,19,10,4,9,L
120,43,90,22,12,51,30,8,7,17,L
127,48,113,17,14,58,30,10,5,12,W
103,34,68,24,11,29,29,4,4,19,L
116,39,83,21,17,40,25,8,6,12,W
118,42,79,25,9,47,25,9,2,20,W
98,40,82,12,6,32,22,11,3,16,L
115,41,82,14,19,46,25,5,5,17,W
105,43,89,8,11,36,23,10,5,11,L
115,41,88,26,7,37,22,6,3,15,L
133,50,86,16,17,38,35,9,7,17,W
107,36,82,20,15,45,20,5,2,16,L
111,39,90,17,16,45,27,9,8,14,W
92,30,78,20,12,36,26,6,7,18,L
110,41,98,16,12,61,23,13,6,15,W
128,50,100,13,15,43,27,8,4,7,W
126,46,93,21,13,50,26,5,6,13,L
116,42,89,19,13,57,34,10,3,20,W
112,45,104,8,14,44,16,12,5,13,L
125,44,85,16,21,41,27,7,6,17,W
116,44,92,15,13,38,29,8,4,13,L
105,36,88,20,13,45,21,5,6,18,L
124,45,97,21,13,50,25,11,3,13,W
116,46,93,10,14,47,27,15,5,19,W
107,43,93,11,10,42,29,8,6,21,L
93,39,102,6,9,51,24,8,8,16,L
100,39,94,12,10,50,20,6,4,16,W
100,37,79,15,11,47,26,5,5,20,L
119,45,90,15,14,41,26,13,3,11,W
103,37,83,13,16,39,26,11,3,13,L
104,43,92,6,12,55,23,4,4,16,W
114,42,89,13,17,45,23,6,3,13,W
107,35,80,24,13,42,18,8,6,14,L
119,45,90,13,16,46,36,11,3,15,W
90,35,89,8,12,44,18,8,4,17,L
103,35,81,19,14,46,17,5,6,16,L
109,42,94,16,9,47,27,7,4,9,W
115,40,93,25,10,43,20,10,3,10,W
110,42,82,14,12,46,25,6,8,20,L
90,28,74,21,13,39,23,4,3,13,L
100,35,75,22,8,47,24,4,2,15,W
105,35,74,24,11,51,17,4,9,25,W
100,35,91,21,9,33,22,13,5,8,L
121,46,91,15,14,40,23,11,3,12,W
114,45,91,12,12,44,24,7,8,14,L
131,45,91,24,17,48,27,7,4,9,W
107,39,90,22,7,47,19,6,5,14,L
124,42,89,25,15,48,27,8,2,13,W
118,43,88,20,12,38,26,6,3,12,L
107,40,83,18,9,39,26,5,7,8,L
117,39,84,29,10,44,26,4,8,11,W
105,36,82,21,12,41,27,5,2,12,L
111,36,77,24,15,37,26,6,3,9,W
137,54,95,9,20,57,35,5,8,18,W
106,36,100,24,10,43,26,12,6,9,L
103,38,82,20,7,42,16,9,5,18,L
108,36,72,26,10,34,20,11,7,17,W
103,36,95,20,11,55,24,5,4,11,W
97,37,93,11,12,54,22,2,8,12,L
133,47,88,23,16,34,33,7,5,8,W
118,44,78,18,12,35,27,4,4,14,L
102,36,84,19,11,47,24,7,7,14,W
99,39,101,10,11,51,24,9,2,12,L
112,34,96,28,16,68,21,4,6,17,W
102,39,101,9,15,51,27,7,4,13,L
113,46,88,6,15,42,28,12,9,16,W
98,37,83,11,13,37,23,10,3,21,L
92,34,87,15,9,43,18,6,5,15,L
116,50,114,4,12,66,37,11,4,12,W
103,36,89,17,14,42,19,6,5,16,L
117,46,83,13,12,38,26,10,7,16,W
125,47,95,9,22,53,30,5,5,11,W
96,31,87,23,11,42,22,6,3,12,L
105,40,90,14,11,52,22,5,7,13,W
91,34,94,15,8,48,22,9,4,14,L
111,42,80,15,12,44,27,5,3,16,W
97,35,78,14,13,31,18,12,4,11,L
114,42,86,19,11,44,30,11,3,11,W
102,36,79,17,13,39,26,4,5,17,L
90,34,87,15,7,47,14,9,3,15,L
108,41,93,14,12,53,29,11,4,16,W
98,32,80,22,12,49,21,4,8,14,L
104,38,85,17,11,40,27,11,5,10,W
111,43,92,14,11,48,24,12,5,13,W
101,36,92,20,9,53,17,8,3,16,L
111,46,84,12,7,45,32,2,1,15,W
105,38,79,17,12,34,24,8,5,12,L
106,36,86,21,13,52,23,0,7,15,L
126,45,103,19,17,48,25,8,2,7,W
94,33,84,15,13,39,21,7,5,11,L
108,42,94,16,8,60,22,7,4,11,W
105,42,82,14,7,43,26,10,3,13,W
89,34,85,9,12,40,24,7,5,19,L
106,35,80,21,15,28,16,9,6,13,L
118,46,88,13,13,47,27,6,6,15,W
110,37,86,23,13,46,21,4,2,10,W
104,38,88,19,9,44,19,6,11,9,L
98,37,82,17,7,46,20,5,4,16,W
96,33,80,24,6,38,20,8,7,8,L
115,43,88,17,12,43,23,4,0,13,W
112,36,80,22,18,43,23,9,5,16,L
117,42,93,20,13,44,17,2,1,7,L
124,42,75,24,16,38,30,4,6,11,W
95,35,86,13,12,43,25,6,2,11,L
102,37,82,18,10,47,26,7,5,12,W
107,40,96,13,14,54,23,7,2,15,L
115,39,94,21,16,50,28,10,8,11,W
113,45,93,8,15,52,26,9,8,14,W
101,37,96,16,11,44,17,6,5,13,L
116,45,101,9,17,44,29,7,4,14,L
128,48,90,16,16,45,31,7,7,15,W
113,40,82,14,19,39,30,9,9,19,W
104,38,90,20,8,42,18,10,6,13,L
108,42,91,12,12,42,23,9,6,15,L
114,40,86,19,15,47,23,8,9,15,W
110,44,94,17,5,48,21,4,6,14,L
138,46,95,28,18,50,33,7,5,6,W
87,33,87,8,13,46,23,8,5,12,L
101,38,85,5,20,50,28,6,6,10,W
113,38,89,20,17,44,24,9,8,14,L
117,43,91,19,12,48,24,7,6,13,W
116,42,85,18,14,42,28,11,7,11,W
107,40,83,16,11,37,20,5,2,13,L
115,40,96,25,10,47,29,8,5,14,L
122,43,89,22,14,41,31,6,9,12,W
116,38,89,30,10,43,19,7,3,14,L
120,40,90,28,12,49,24,9,6,14,W
93,36,89,11,10,51,28,7,1,14,W
83,31,72,11,10,43,17,6,4,19,L
144,56,106,10,22,52,39,12,5,15,W
99,37,89,16,9,43,24,11,3,21,L
117,43,86,19,12,50,25,6,8,13,W
96,35,90,18,8,43,22,6,1,8,L
102,34,81,24,10,38,22,7,9,18,L
127,47,100,24,9,53,33,11,6,12,W
112,39,94,24,10,49,26,10,4,11,L
117,41,86,22,13,47,24,8,5,12,W
144,51,91,29,13,52,39,6,5,19,W
109,38,98,25,8,42,16,10,5,14,L
113,43,76,16,11,40,17,5,6,15,W
105,41,94,15,8,45,23,9,5,9,L
103,39,95,10,15,48,29,7,4,14,W
100,40,86,12,8,46,26,8,7,14,L
99,36,87,12,15,44,20,9,3,21,L
123,47,88,11,18,39,33,13,4,16,W
118,40,89,23,15,45,22,3,5,10,L
130,51,94,10,18,44,29,5,6,10,W
103,33,89,21,16,53,23,8,10,14,L
108,40,90,14,14,53,30,7,5,14,W
104,45,100,4,10,44,26,8,3,10,L
110,39,86,23,9,55,19,9,4,15,W
113,41,90,20,11,35,25,11,2,11,L
114,45,88,13,11,50,22,10,6,19,W
132,48,84,24,12,41,38,6,4,13,W
117,35,82,35,12,33,19,4,5,11,L
108,37,97,20,14,45,25,7,4,12,L
124,50,88,11,13,47,31,7,8,15,W
127,47,85,16,17,40,31,4,3,13,W
110,38,83,22,12,37,24,7,4,13,L
119,41,92,21,16,42,26,14,5,8,W
112,42,85,11,17,47,27,5,3,18,L
114,34,77,32,14,42,23,6,4,8,W
109,38,87,18,15,43,24,7,5,10,L
123,44,83,19,16,30,24,10,7,14,L
132,48,92,22,14,48,27,8,6,12,W
88,34,85,13,7,45,22,6,11,11,L
96,37,90,6,16,54,20,5,4,16,W
104,37,88,16,14,42,27,6,3,8,L
108,36,80,20,16,44,24,3,8,13,W
89,34,83,13,8,44,24,10,5,16,W
86,30,72,16,10,43,20,8,2,17,L
117,40,95,20,17,57,25,3,9,10,W
111,35,90,30,11,45,16,6,6,9,L
94,31,81,24,8,48,19,11,5,17,W
85,30,81,13,12,43,19,11,5,17,L
108,36,86,19,17,45,25,8,6,18,L
116,44,85,19,9,48,27,12,5,14,W
82,35,101,8,4,50,19,8,8,8,L
91,33,81,14,11,49,17,5,4,16,W
117,44,92,18,11,37,26,6,3,11,L
131,52,84,17,10,41,38,9,6,15,W
99,39,86,6,15,39,24,5,5,18,L
104,35,85,24,10,43,18,13,5,13,W
112,42,83,16,12,42,27,13,3,14,W
95,30,80,27,8,43,21,9,5,17,L
115,41,89,21,12,56,22,7,7,15,W
97,38,96,14,7,45,19,6,1,12,L
105,37,88,17,14,45,23,6,3,11,L
120,46,87,20,8,46,22,6,3,11,W
94,38,81,9,9,36,23,7,5,13,L
95,36,75,13,10,38,21,5,2,15,W
102,37,81,21,7,52,21,4,9,18,L
110,42,100,13,13,43,22,10,4,8,W
136,45,91,33,13,50,24,7,6,13,W
118,42,87,21,13,33,26,5,1,10,L
93,35,83,15,8,44,20,4,3,13,L
110,45,90,11,9,47,27,7,8,8,W
131,46,84,29,10,41,39,8,5,9,W
124,45,88,17,17,41,29,5,0,14,L
123,45,83,23,10,51,28,6,7,18,W
108,41,100,15,11,37,20,10,2,10,L
108,35,86,26,12,42,22,11,5,11,W
106,38,91,22,8,55,23,7,8,17,L
112,42,81,19,9,47,30,5,7,13,W
96,38,91,10,10,33,25,7,4,10,L
110,41,93,14,14,46,21,9,4,18,L
120,40,86,26,14,43,21,7,6,14,W
121,43,97,19,16,44,23,8,4,2,W
118,48,84,14,8,46,27,1,8,9,L
108,38,78,17,15,37,27,6,7,13,L
116,40,96,25,11,54,19,8,4,7,W
105,39,90,15,12,47,24,3,8,11,L
118,49,102,10,10,58,28,7,11,10,W
80,30,81,12,8,48,12,6,3,10,L
95,36,87,5,18,49,21,6,3,10,W
108,40,93,14,14,41,23,9,5,10,L
120,37,78,35,11,49,18,4,5,18,W
139,47,85,26,19,47,27,6,9,7,W
106,36,102,22,12,54,19,4,2,9,L
113,39,95,19,16,50,28,10,5,15,L
136,49,92,15,23,48,27,10,4,14,W
116,42,102,20,12,48,30,8,3,17,L
117,41,101,26,9,63,18,12,6,21,W
120,41,84,21,17,44,17,4,4,15,W
119,46,87,21,6,43,26,9,3,12,L
120,42,86,22,14,40,23,7,6,11,W
116,42,97,21,11,57,26,9,2,15,L
124,46,86,22,10,46,33,10,6,18,W
111,37,85,21,16,36,20,10,4,18,L
123,46,86,14,17,40,39,10,2,15,W
116,40,92,22,14,45,19,7,0,13,L
105,35,78,23,12,30,22,11,4,18,L
120,41,86,25,13,44,21,9,5,17,W
116,39,86,25,13,46,25,5,10,22,W
111,40,95,22,9,45,17,12,3,16,L
108,41,88,20,6,48,26,6,4,11,W
104,37,83,11,19,39,24,6,6,14,L
113,46,105,12,9,49,26,4,3,9,L
115,40,78,22,13,39,31,3,2,16,W
133,52,103,12,17,53,36,15,4,17,W
99,39,85,12,9,34,27,10,9,18,L
95,38,85,5,14,48,28,9,3,16,W
86,35,85,6,10,41,20,11,4,11,L
108,36,75,23,13,28,20,13,5,18,W
103,41,92,12,9,56,21,9,2,24,L
113,37,89,24,15,42,25,6,4,11,L
133,50,96,16,17,54,33,7,7,14,W
124,40,87,28,16,51,26,5,4,15,W
121,50,104,7,14,45,28,14,5,9,L
104,37,82,21,9,33,28,10,10,13,L
118,48,102,12,10,61,24,11,5,13,W
102,37,86,17,11,49,17,10,4,13,W
98,36,85,16,10,44,24,5,2,13,L
106,39,92,17,11,47,21,9,2,8,L
115,44,91,9,18,47,31,6,1,14,W
104,39,97,14,12,47,21,7,5,10,L
115,41,85,14,19,43,22,6,4,15,W
103,35,78,19,14,28,23,12,5,11,W
89,31,67,21,6,47,21,6,1,26,L
115,45,92,11,14,43,39,11,6,12,W
108,37,90,17,17,49,24,5,2,19,L
131,48,88,21,14,39,31,6,1,13,L
136,47,89,24,18,41,29,10,3,10,W
104,39,78,15,11,31,22,12,3,21,L
122,49,93,8,16,40,34,9,4,17,W
106,40,92,16,10,49,28,2,6,13,L
110,42,90,17,9,45,21,6,8,9,W
104,41,95,13,9,50,27,6,3,20,L
129,45,96,21,18,52,30,13,8,12,W
104,39,80,20,6,51,17,6,0,10,W
94,32,76,21,9,35,22,3,3,12,L
110,36,89,28,10,48,28,7,3,12,L
123,46,85,14,17,42,32,7,5,11,W
122,49,99,13,11,44,24,6,5,5,W
114,43,83,14,14,45,31,2,3,18,L
111,43,92,11,14,36,26,12,3,13,L
140,48,81,20,24,49,39,6,3,17,W
106,40,90,14,12,47,22,9,3,19,L
116,43,85,18,12,42,26,8,4,17,W
114,40,85,25,9,48,15,10,2,21,W
111,40,91,21,10,41,18,9,6,15,L
97,40,90,8,9,41,19,10,9,10,L
99,42,88,5,10,48,20,6,5,18,W
129,49,86,26,5,38,28,13,4,12,W
121,41,82,26,13,33,26,3,5,17,L
99,33,87,21,12,46,22,6,5,12,W
82,33,81,11,5,46,20,10,5,17,L
111,38,85,18,17,45,22,10,8,18,L
117,42,89,17,16,44,24,8,4,15,W
98,36,90,14,12,55,23,11,7,16,W
90,33,90,15,9,52,21,11,7,18,L
109,42,88,14,11,42,27,2,4,12,L
115,43,92,15,14,44,22,7,4,7,W
115,37,82,22,19,50,29,3,3,11,W
109,33,78,28,15,36,18,8,4,6,L
108,39,86,22,8,48,20,8,5,10,W
102,38,90,15,11,47,15,6,1,11,L
105,38,80,12,17,38,22,5,10,13,L
108,40,90,10,18,42,23,8,1,11,W
118,48,98,12,10,61,31,8,9,19,W
88,34,99,10,10,39,23,7,3,13,L
101,35,83,23,8,46,20,7,5,17,W
96,37,87,15,7,43,22,12,6,14,L
89,31,86,21,6,49,20,5,7,13,L
106,44,107,8,10,63,22,5,7,8,W
119,45,87,21,8,49,28,7,4,13,W
100,38,92,15,9,39,22,6,6,12,L
121,44,96,17,16,45,21,6,3,11,W
109,42,92,19,6,49,23,8,5,11,L
122,45,100,20,12,48,26,11,7,9,W
108,39,81,13,17,40,23,3,4,21,L
130,48,91,19,15,41,34,11,3,15,W
122,45,88,25,7,41,28,8,5,15,L
130,49,90,15,17,55,34,6,4,16,W
106,37,87,20,12,40,17,6,3,13,L
135,50,90,18,17,45,39,12,8,15,W
105,36,89,18,15,45,26,10,4,20,L
121,47,85,15,12,41,32,5,7,8,W
111,40,92,20,11,47,21,6,3,12,L
118,43,96,19,13,54,29,3,0,15,L
134,50,101,17,17,47,37,14,4,8,W
114,39,80,19,17,43,22,7,3,9,W
101,37,92,11,16,51,22,8,5,12,L
108,39,96,20,10,49,16,7,6,13,L
123,44,100,23,12,56,26,9,11,10,W
106,35,90,24,12,53,21,6,4,15,L
114,44,99,10,16,49,29,10,3,11,W
92,29,86,20,14,44,25,6,9,13,L
97,38,87,11,10,49,23,7,6,13,W
125,44,80,23,14,38,30,9,7,10,W
113,40,84,18,15,39,20,6,3,15,L
99,36,76,15,12,45,26,8,8,12,W
75,29,79,6,11,40,13,8,4,14,L
123,44,88,13,22,49,33,9,1,16,W
100,30,79,26,14,35,24,10,1,16,L
93,35,78,16,7,39,19,6,2,13,L
106,44,92,6,12,47,24,5,4,13,W
100,38,95,15,9,42,18,9,6,8,L
102,36,88,19,11,54,23,1,6,13,W
101,34,75,21,12,35,20,5,5,13,L
105,36,85,19,14,46,18,8,3,13,W
123,46,97,17,14,45,31,5,6,13,L
141,55,108,16,15,56,37,10,10,11,W
99,37,89,12,13,53,28,7,2,15,W
95,38,88,10,9,41,29,9,7,9,L
121,47,98,19,8,55,26,8,8,22,W
119,46,107,14,13,44,33,12,8,15,L
99,39,90,10,11,39,23,8,3,7,L
113,44,88,9,16,48,28,4,2,10,W
82,32,75,11,7,42,21,9,3,19,L
96,39,97,8,10,54,24,16,5,15,W
103,37,88,12,17,48,26,6,5,17,W
88,33,85,15,7,46,20,8,5,12,L
119,45,97,15,14,41,26,6,7,12,L
127,47,86,22,11,47,33,10,10,14,W
99,37,84,12,13,48,25,7,2,20,L
103,38,96,14,13,48,23,12,3,14,W
116,44,86,17,11,40,23,9,4,16,L
126,48,93,11,19,39,30,9,7,12,W
101,35,88,23,8,53,17,10,6,20,W
98,36,94,15,11,47,22,10,6,20,L
111,40,82,18,13,49,23,7,9,15,W
96,39,95,10,8,43,19,7,7,10,L
109,43,87,13,10,48,29,6,8,17,W
108,39,91,16,14,43,20,10,3,12,L
118,47,98,13,11,41,23,5,1,5,L
122,47,87,17,11,42,29,3,7,8,W
99,35,74,18,11,39,25,10,2,20,W
95,36,89,15,8,47,15,11,3,16,L
108,35,82,25,13,45,25,8,5,17,L
116,44,100,14,14,49,30,11,8,11,W
128,42,76,28,16,38,33,6,1,21,W
125,42,86,23,18,32,27,11,4,13,L
85,32,80,17,4,56,24,4,2,20,L
87,34,84,9,10,31,23,12,4,9,W
135,51,87,22,11,51,30,4,7,15,W
108,38,82,23,9,32,25,6,2,11,L
119,40,78,21,18,37,23,6,5,13,W
100,40,86,13,7,37,27,6,5,12,L
98,34,73,18,12,33,18,3,3,17,L
109,46,89,7,10,42,29,9,3,12,W
106,41,99,13,11,49,31,6,6,9,L
112,43,82,16,10,42,26,6,4,10,W
91,31,82,16,13,37,20,8,3,14,L
115,43,90,13,16,54,28,7,4,15,W
85,32,78,13,8,39,16,6,2,13,L
108,42,90,12,12,54,24,5,4,9,W
128,45,82,22,16,48,23,5,7,14,W
124,43,99,21,17,43,27,10,5,9,L
111,43,81,14,11,50,28,6,3,15,W
91,34,85,7,16,32,11,7,2,7,L
112,38,81,25,11,35,22,5,6,17,L
138,49,87,23,17,41,35,11,4,10,W
116,42,98,16,16,45,25,6,3,9,L
125,49,89,16,11,45,28,8,7,13,W
99,33,95,17,16,49,20,9,2,15,L
118,44,86,12,18,54,29,10,7,17,W
108,41,96,11,15,46,23,4,8,18,L
116,42,92,24,8,56,22,10,7,14,W
113,43,97,13,14,57,23,8,4,6,W
89,31,81,17,10,46,19,2,7,15,L
109,41,98,20,7,50,16,7,11,12,L
130,47,91,16,20,38,32,8,7,11,W
140,52,83,15,21,40,35,7,3,16,W
108,39,86,17,13,34,28,11,5,15,L
116,45,87,11,15,43,32,9,4,20,W
109,40,97,17,12,44,28,9,5,17,L
87,28,87,20,11,46,18,5,4,11,L
103,38,81,19,8,43,22,7,6,8,W
94,34,88,13,13,42,20,9,7,12,L
112,40,88,21,11,51,24,8,6,15,W
99,37,78,14,11,44,20,4,4,20,L
111,38,85,21,14,40,26,12,4,10,W
118,38,79,26,16,34,26,6,6,16,L
124,41,77,28,14,37,30,6,5,16,W
96,37,87,12,10,36,26,4,5,14,L
138,53,94,13,19,47,39,12,5,7,W
114,46,95,14,8,46,24,7,3,9,W
109,42,92,10,15,47,22,6,5,15,L
112,47,91,10,8,52,30,8,1,15,W
85,34,89,10,7,41,19,8,6,15,L
114,44,101,13,13,50,25,7,4,17,L
126,48,96,17,13,53,33,8,7,14,W
96,26,77,32,12,41,19,8,8,13,L
103,40,91,11,12,50,25,7,8,15,W
115,39,85,24,13,39,19,13,2,13,W
110,39,90,20,12,43,20,4,3,20,L
108,40,80,12,16,31,23,5,5,9,L
117,42,83,20,13,44,24,2,0,11,W
105,40,87,16,9,35,27,9,3,12,L
120,46,84,16,12,44,30,5,5,16,W
98,33,86,23,9,43,24,10,4,10,L
109,40,79,16,13,43,24,5,5,15,W
107,40,87,18,9,37,28,6,4,9,W
102,36,83,20,10,51,17,4,5,16,L
114,44,90,17,9,50,27,6,6,11,W
112,44,87,12,12,32,31,3,3,6,L
94,38,100,6,12,54,24,8,4,15,L
101,34,83,22,11,54,19,6,5,15,W
133,47,91,16,23,51,35,9,2,6,W
96,36,82,14,10,41,21,4,3,11,L
108,32,78,32,12,47,16,6,3,10,W
92,37,77,11,7,37,16,7,3,17,L
118,41,76,20,16,47,22,6,3,23,W
112,41,91,18,12,37,26,16,2,12,L
99,32,82,22,13,47,20,6,3,15,L
119,45,91,13,16,47,30,8,9,16,W
102,42,95,7,11,39,32,5,2,9,L
125,44,84,22,15,51,26,8,5,9,W
104,38,80,18,10,47,22,6,4,14,W
92,36,87,11,9,41,23,10,4,12,L
87,32,80,11,12,53,22,7,4,15,L
97,36,86,11,14,39,23,6,2,7,W
98,35,86,21,7,42,19,9,3,12,L
117,42,87,24,9,49,25,7,6,12,W
114,42,81,19,11,40,26,7,3,16,W
107,41,83,13,12,35,27,11,4,14,L
106,40,92,13,13,43,24,10,7,18,L
119,47,92,15,10,48,29,14,7,18,W
139,45,82,31,18,37,32,7,7,13,W
133,50,97,20,13,41,30,8,4,12,L
121,38,86,30,15,46,25,7,8,13,W
114,39,88,20,16,42,21,8,4,13,L
88,34,90,12,8,50,21,9,7,16,L
98,37,90,17,7,55,20,9,8,17,W
104,38,83,19,9,49,20,11,8,12,W
99,37,90,12,13,45,24,9,5,12,L
104,35,88,22,12,47,28,10,7,11,W
102,36,83,19,11,42,20,10,2,13,L
121,49,95,14,9,45,29,9,5,5,W
107,41,92,16,9,47,21,3,2,12,L
101,38,86,14,11,45,15,7,5,13,W
95,31,83,21,12,44,21,6,6,16,L
112,35,81,29,13,38,21,10,6,13,W
110,37,80,24,12,44,21,6,7,18,L
102,34,83,20,14,54,26,12,3,13,W
86,30,85,17,9,50,18,4,5,16,L
110,40,90,12,18,43,26,4,4,11,L
123,45,83,23,10,44,21,7,8,10,W
119,47,89,17,8,36,23,5,4,15,W
118,41,86,26,10,40,23,6,8,13,L
134,45,86,29,15,39,34,7,9,12,W
122,42,97,21,17,45,21,10,3,13,L
102,39,90,10,14,38,27,8,3,14,L
111,42,86,11,16,47,27,6,6,17,W
104,37,80,18,12,43,24,12,6,16,W
92,33,81,12,14,43,19,7,6,18,L
104,40,77,15,9,38,27,7,4,15,L
117,47,86,13,10,37,25,7,4,10,W
126,46,97,21,13,56,29,7,6,15,W
114,44,106,17,9,47,26,10,8,10,L
102,37,76,19,9,45,23,5,0,18,W
98,35,91,20,8,44,17,11,1,12,L
118,47,96,9,15,50,32,9,13,9,W
96,38,98,12,8,46,20,5,2,15,L
116,41,96,12,22,44,24,4,3,9,W
111,42,89,17,10,49,26,7,5,9,L
130,48,98,21,13,44,32,9,3,12,W
128,52,97,9,15,47,35,6,3,14,L
131,44,84,31,12,35,22,4,8,7,L
133,46,91,26,15,41,27,3,6,9,W
104,40,90,13,11,40,23,4,7,11,L
111,44,90,12,11,48,28,6,8,13,W
102,38,76,15,11,35,27,10,2,12,W
91,29,77,24,9,48,21,6,5,15,L
101,37,85,16,11,50,19,1,3,19,L
109,39,86,23,8,40,25,13,1,7,W
117,42,94,24,9,53,28,11,6,21,L
121,41,95,24,15,48,23,12,3,18,W
98,37,98,12,12,52,20,6,2,12,L
121,45,99,14,17,62,34,8,5,12,W
116,42,85,19,13,45,23,12,4,19,W
105,36,81,22,11,35,23,6,9,18,L
102,40,87,11,11,49,21,5,0,12,W
101,38,91,15,10,44,23,7,3,7,L
110,38,68,20,14,36,26,3,1,18,W
108,41,85,11,15,33,30,8,1,15,L
105,37,82,20,11,42,25,7,7,12,L
109,36,76,21,16,42,20,6,4,13,W
109,42,90,14,11,40,20,10,4,8,W
105,43,85,8,11,45,29,3,3,18,L
90,31,85,21,7,49,21,4,4,10,L
94,34,88,20,6,53,20,3,3,8,W
117,48,100,12,9,53,24,3,5,8,W
102,37,95,20,8,49,24,3,7,6,L
118,43,91,19,13,37,34,6,6,13,L
122,43,82,25,11,48,19,11,10,16,W
111,36,79,29,10,44,22,3,7,11,W
101,38,87,12,13,40,22,6,4,11,L
105,39,81,17,10,41,25,4,9,19,W
103,38,89,17,10,39,25,10,3,12,L
94,35,76,18,6,54,22,5,6,23,W
87,33,85,9,12,41,16,14,3,15,L
133,45,91,22,21,43,19,12,0,7,W
127,51,97,10,15,48,29,4,2,14,L
103,37,84,19,10,44,19,5,5,18,L
113,47,96,12,7,51,34,11,8,11,W
102,34,79,20,14,40,20,7,6,12,L
110,39,91,16,16,52,26,6,4,13,W
116,40,90,17,19,57,26,5,3,13,W
87,33,93,13,8,44,20,8,6,7,L
107,36,79,24,11,38,20,7,1,18,L
113,40,81,18,15,39,31,9,3,16,W
95,33,76,24,5,44,10,3,4,22,L
114,42,80,18,12,35,31,7,8,14,W
114,45,85,6,18,47,31,8,7,22,W
105,39,98,9,18,43,28,15,8,16,L
113,40,88,18,15,45,25,12,6,10,W
91,34,87,19,4,54,23,6,6,16,L
115,44,92,20,7,47,22,5,3,10,W
109,42,89,15,10,43,30,4,5,9,L
104,36,74,23,9,42,22,10,12,18,W
91,37,99,13,4,50,20,10,3,15,L
136,48,92,26,14,37,24,11,7,9,W
125,48,95,14,15,48,27,4,1,19,L
117,44,85,17,12,34,29,8,1,13,W
111,42,75,16,11,34,28,4,5,22,L
94,36,83,9,13,40,19,8,5,10,W
92,31,81,19,11,51,17,7,2,12,L
95,35,81,12,13,51,29,7,1,20,W
93,35,84,11,12,45,21,11,1,12,L
130,44,84,24,18,33,26,7,3,6,W
124,52,88,6,14,32,30,5,2,14,L
91,30,77,18,13,39,18,8,7,21,L
111,43,94,15,10,47,23,14,7,15,W
117,41,88,29,6,45,23,7,4,12,W
113,38,87,18,19,41,26,5,7,17,L
115,47,99,8,13,51,28,10,5,14,W
109,40,81,15,14,38,16,11,3,14,L
110,36,84,27,11,56,25,7,1,25,W
105,41,97,11,12,36,25,14,5,9,L
125,43,82,23,16,42,27,6,7,17,W
113,40,82,23,10,37,25,7,2,12,L
116,39,94,27,11,48,28,9,5,12,W
115,37,80,32,9,52,25,4,7,19,L
128,51,103,6,20,67,32,6,6,11,W
75,29,95,11,6,45,15,7,8,12,L
106,42,89,10,12,33,23,12,9,10,W
96,37,88,15,7,54,20,5,2,19,L
104,39,95,17,9,45,21,8,3,17,L
134,58,101,6,12,49,38,8,5,13,W
92,32,91,18,10,39,17,9,4,11,L
130,49,92,15,17,58,31,8,2,14,W
109,36,82,23,14,49,21,8,10,17,W
107,37,94,17,16,50,26,4,2,14,L
115,41,87,14,19,41,27,11,3,13,W
99,37,80,16,9,41,22,7,3,19,L
126,44,92,28,10,41,33,9,3,20,L
158,54,93,26,24,36,37,9,5,13,W
111,36,81,24,15,49,20,7,1,15,W
102,38,84,17,9,39,29,9,3,13,L
121,48,90,13,12,48,29,9,2,9,W
104,39,93,14,12,42,23,6,3,12,L
97,33,86,19,12,45,23,4,5,23,L
133,51,99,13,18,47,35,17,5,13,W
110,37,74,20,16,38,30,8,3,20,W
96,35,83,11,15,44,24,8,4,18,L
110,43,94,15,9,39,30,9,7,13,L
118,46,90,19,7,44,24,9,9,13,W
105,35,90,30,5,43,23,14,4,13,L
116,41,82,22,12,43,29,9,4,21,W
111,41,89,14,15,51,31,7,9,19,W
110,38,92,18,16,44,26,9,5,11,L
105,40,82,18,7,44,14,6,7,9,W
97,34,79,17,12,39,20,6,4,16,L
132,48,88,20,16,45,35,6,6,9,W
112,42,82,14,14,38,27,4,1,9,L
87,36,88,9,6,42,19,7,9,19,L
105,41,82,10,13,41,30,8,5,15,W
124,44,82,15,21,47,31,8,3,19,W
115,42,95,21,10,41,22,10,4,9,L
114,38,91,23,15,44,19,7,3,7,L
117,43,83,20,11,50,25,4,5,12,W
119,41,83,25,12,47,28,5,7,17,W
103,32,87,29,10,41,23,10,9,10,L
108,41,89,14,12,43,19,10,11,12,W
92,30,86,25,7,52,15,5,8,18,L
114,41,92,23,9,37,22,7,3,13,L
121,40,85,26,15,51,28,6,3,18,W
110,38,79,24,10,38,25,6,3,19,L
125,46,81,16,17,34,20,10,4,15,W
109,37,85,18,17,37,20,10,3,18,L
119,46,82,18,9,42,27,9,7,15,W
113,41,95,18,13,60,25,7,6,21,W
110,43,95,10,14,43,22,12,6,14,L
122,46,88,22,8,37,22,5,2,6,L
131,50,95,15,16,44,35,3,1,7,W
124,44,90,22,14,38,20,7,6,7,L
134,43,84,28,20,49,36,4,2,12,W
123,41,89,27,14,47,27,11,1,13,W
108,39,84,16,14,45,21,6,4,14,L
107,43,81,7,14,43,31,6,7,15,W
97,36,82,17,8,40,22,8,0,15,L
132,51,96,14,16,46,31,8,7,5,W
105,40,91,16,9,47,25,1,7,11,L
103,36,70,19,12,36,24,8,3,18,W
101,36,82,17,12,43,24,9,2,13,L
120,45,110,14,16,61,26,12,6,24,L
124,47,107,14,16,53,24,15,9,17,W
115,46,100,10,13,60,24,8,10,9,W
95,35,84,15,10,37,27,6,5,12,L
110,40,98,16,14,55,24,8,8,12,W
106,39,98,17,11,52,21,7,10,11,L
129,49,84,21,10,45,31,7,0,12,W
121,47,87,12,15,38,29,5,2,13,L
115,44,84,16,11,60,23,5,6,18,W
90,32,98,18,8,44,24,8,2,9,L
130,50,90,17,13,44,36,10,3,7,W
116,43,83,12,18,36,23,4,3,12,L
105,38,82,16,13,41,25,6,6,13,L
115,42,91,21,10,48,26,7,4,9,W
108,39,81,14,16,40,22,9,4,18,L
110,43,84,13,11,40,26,8,1,16,W
136,53,88,7,23,41,39,8,3,10,W
100,37,78,16,10,32,23,6,3,15,L
126,49,89,15,13,40,35,11,2,16,W
106,38,81,15,15,38,23,8,4,20,L
115,48,97,8,11,46,31,6,5,8,W
110,45,100,7,13,43,27,6,3,11,L
93,36,84,12,9,37,26,6,9,10,W
90,33,85,18,6,51,26,6,8,13,L
116,45,96,11,15,41,25,7,5,10,L
122,50,95,8,14,50,31,3,5,12,W
122,49,100,13,11,49,30,8,12,21,W
119,47,102,19,6,48,18,14,6,14,L
122,44,84,18,16,44,24,9,6,10,W
92,34,87,7,17,38,25,6,2,19,L
116,40,80,23,13,47,25,12,5,17,W
96,37,86,11,11,36,24,6,5,16,L
122,43,80,19,17,41,23,10,8,15,W
108,36,84,20,16,37,25,4,3,17,L
81,34,81,6,7,41,18,7,6,15,L
98,35,86,16,12,50,22,6,3,13,W
111,39,89,25,8,46,24,8,5,17,W
101,41,84,11,8,35,21,7,3,19,L
100,37,81,14,12,46,28,6,5,15,L
106,38,89,12,18,43,21,7,8,8,W
112,46,92,8,12,44,26,7,2,9,W
98,36,82,14,12,40,22,4,5,12,L
126,46,90,23,11,49,25,5,6,10,W
115,46,93,9,14,36,33,7,4,9,L
115,38,89,25,14,46,27,7,4,12,L
130,46,93,19,19,52,35,8,9,10,W
124,43,96,18,20,46,30,10,3,16,W
120,46,83,12,16,34,33,7,7,14,L
111,40,81,15,16,33,25,7,1,12,L
121,42,76,26,11,37,26,8,4,16,W
119,42,95,24,11,52,29,5,3,12,W
118,44,98,16,14,46,25,7,1,8,L
103,41,91,10,11,41,23,2,4,4,L
106,41,90,15,9,52,25,1,5,10,W
113,42,82,15,14,42,31,9,5,19,W
107,37,87,21,12,46,18,12,4,16,L
108,38,88,20,12,48,23,5,10,15,L
120,44,102,16,16,51,30,11,5,11,W
104,41,80,15,7,48,23,6,4,19,L
115,39,82,23,14,37,25,11,3,12,W
114,46,98,8,14,39,28,12,8,14,L
120,41,86,21,17,50,25,6,8,20,W
104,42,79,9,11,39,24,5,7,14,L
108,42,86,17,7,37,21,8,4,8,W
101,41,84,11,8,40,22,7,12,13,L
112,41,93,16,14,48,23,8,7,14,W
99,33,78,22,11,53,25,8,7,17,W
94,35,98,10,14,55,23,11,3,13,L
128,44,87,25,15,42,29,11,3,14,W
117,40,91,22,15,45,27,3,6,16,L
124,44,84,16,20,41,25,6,1,15,W
115,46,88,14,9,39,30,11,2,11,L
106,38,78,22,8,38,26,8,1,17,L
110,39,81,20,12,43,20,9,3,15,W
126,47,84,12,20,40,27,11,3,16,W
114,42,80,19,11,25,29,13,3,16,L
111,46,89,6,13,43,29,5,6,10,W
110,41,88,17,11,44,19,6,6,11,L
102,36,90,16,14,51,26,7,0,12,W
101,38,92,11,14,52,27,9,2,14,L
102,37,82,19,9,55,23,4,9,14,W
93,34,104,15,10,56,18,5,4,11,L
122,49,90,18,6,43,30,5,6,9,W
115,47,95,9,12,37,25,3,3,13,L
114,43,93,19,9,40,27,12,4,9,L
125,46,81,16,17,45,29,7,4,17,W
107,39,85,19,10,40,22,8,0,11,W
98,36,70,17,9,36,23,5,5,14,L
106,36,83,23,11,35,15,9,6,19,L
131,51,89,16,13,44,33,14,5,13,W
102,41,99,8,12,42,25,10,2,10,L
125,48,85,12,17,50,33,7,5,18,W
113,42,75,21,8,38,27,8,5,15,W
105,35,78,16,19,31,22,9,4,15,L
93,40,101,7,6,53,18,7,4,12,L
96,33,87,15,15,52,24,5,6,15,W
115,39,90,20,17,38,27,2,2,9,L
135,53,105,16,13,62,33,6,5,8,W
104,38,91,17,11,49,27,14,6,12,W
86,33,86,10,10,50,23,4,5,20,L
95,40,99,7,8,64,26,6,7,10,W
80,30,85,15,5,42,14,8,4,9,L
122,48,102,17,9,57,29,8,7,13,W
115,39,98,26,11,56,24,8,4,14,L
137,49,92,16,23,44,36,9,6,10,W
108,41,85,12,14,38,25,6,6,16,L
113,43,83,15,12,47,30,13,4,16,W
103,42,87,10,9,41,23,8,1,14,L
108,39,81,23,7,38,21,3,4,8,L
119,45,84,17,12,38,29,5,5,11,W
118,42,91,17,17,51,27,6,7,10,W
105,40,95,13,12,47,28,6,9,11,L
124,49,94,16,10,55,37,7,2,11,W
104,36,87,16,16,36,24,8,9,10,L
98,34,84,19,11,50,25,9,5,11,W
85,31,83,15,8,47,17,5,2,19,L
116,45,99,13,13,55,29,9,6,16,W
83,29,81,20,5,40,17,8,5,19,L
94,37,95,15,5,50,21,7,4,12,L
103,38,88,11,16,48,25,8,5,16,W
120,41,77,26,12,33,29,12,4,13,W
107,40,84,11,16,33,28,5,7,18,L
113,40,96,15,18,44,26,6,2,10,L
137,48,88,22,19,50,28,6,4,10,W
116,41,84,19,15,51,21,9,5,18,W
101,39,95,14,9,38,28,11,4,13,L
121,43,76,17,18,37,29,9,1,19,W
100,36,80,21,7,33,25,10,0,17,L
124,43,90,28,10,40,18,7,2,9,L
127,49,90,17,12,44,31,5,5,11,W
110,41,82,13,15,40,30,12,3,15,W
98,37,90,13,11,50,21,8,2,18,L
104,36,95,24,8,56,18,8,3,16,L
113,39,93,23,12,49,19,6,6,12,W
109,41,89,17,10,44,24,7,4,15,L
114,43,95,22,6,48,27,7,5,8,W
133,52,90,12,17,43,36,8,7,16,W
112,37,93,28,10,43,22,10,4,13,L
126,50,91,12,14,52,32,6,8,14,W
91,38,99,5,10,40,22,6,4,14,L
109,40,89,18,11,40,25,8,7,17,L
135,53,103,20,9,55,26,12,6,13,W
110,42,80,18,8,43,27,10,10,19,W
97,32,86,20,13,47,19,8,3,21,L
116,40,79,18,18,47,24,10,5,13,W
86,33,87,15,5,45,20,5,2,15,L
132,46,85,24,16,52,31,5,1,13,W
115,45,101,10,15,41,25,9,3,9,L
116,44,85,18,10,41,28,7,6,16,L
131,52,96,12,15,42,31,10,4,12,W
113,44,90,6,19,50,34,8,7,15,W
95,32,91,20,11,50,21,9,5,13,L
134,50,104,12,22,49,34,10,4,14,W
114,41,83,23,9,38,29,4,3,19,L
105,39,82,18,9,51,18,8,2,15,W
92,38,99,8,8,46,24,8,4,13,L
121,46,82,13,16,40,27,4,5,14,W
109,40,93,16,13,43,26,7,1,9,L
98,36,87,12,14,45,28,11,4,18,L
117,45,88,14,13,45,22,9,4,16,W
85,28,78,13,16,35,17,8,3,13,L
111,41,89,12,17,52,26,3,9,12,W
105,41,74,6,17,38,29,7,7,21,L
107,42,89,13,10,41,26,15,3,11,W
119,44,98,15,16,34,28,4,6,10,L
132,48,93,24,12,51,32,4,7,14,W
132,44,92,29,15,60,32,6,4,13,W
107,41,94,18,7,40,27,4,7,10,L
112,39,84,24,10,42,19,6,3,10,L
113,43,85,16,11,41,29,7,5,12,W
97,36,85,14,11,39,19,8,6,17,L
112,39,81,24,10,43,25,12,4,14,W
120,43,82,18,16,41,25,5,4,21,L
139,53,97,18,15,37,25,12,3,12,W
112,38,78,23,13,41,19,4,3,14,W
105,39,81,18,9,31,24,9,2,10,L
107,40,88,17,10,39,18,6,4,14,L
131,51,90,20,9,43,35,10,2,8,W
114,42,91,15,15,38,27,4,5,8,L
116,39,90,24,14,51,24,3,3,15,W
119,48,102,11,12,45,32,10,6,18,L
141,54,97,15,18,51,36,13,2,18,W
120,43,81,25,9,32,20,12,7,13,W
113,42,89,11,18,38,25,9,4,23,L
100,36,93,21,7,55,19,7,10,11,W
87,35,90,11,6,52,21,6,8,16,L
121,47,103,13,14,49,28,10,5,14,L
136,50,90,18,18,41,37,11,4,14,W
108,38,96,22,10,54,24,13,8,12,W
102,39,90,13,11,52,23,7,6,21,L
134,55,87,10,14,43,32,6,3,15,W
122,48,96,13,13,32,32,7,4,9,L
99,37,84,12,13,40,23,12,5,18,L
114,40,89,21,13,50,22,15,5,16,W
103,31,81,29,12,41,19,6,6,13,L
112,40,84,17,15,51,29,3,2,17,W
125,47,96,20,11,57,31,11,8,17,W
118,39,97,26,14,53,28,7,6,17,L
123,43,76,25,12,42,27,4,2,14,W
110,41,88,15,13,32,26,11,3,10,L
114,43,87,17,11,46,22,2,4,15,L
124,47,93,16,14,34,26,9,5,5,W
93,36,77,13,8,34,21,3,3,17,L
103,38,79,17,10,40,24,13,5,13,W
110,39,84,18,14,50,28,5,3,18,W
109,43,88,11,12,35,22,11,1,7,L
115,41,82,23,10,52,20,6,1,15,W
111,42,93,15,12,41,16,12,2,8,L
106,40,89,19,7,57,20,6,3,13,W
101,34,88,22,11,43,22,8,10,8,L
97,35,85,12,15,44,16,4,0,14,L
99,43,82,6,7,42,23,7,4,14,W
117,40,90,25,12,50,24,4,3,9,W
115,41,88,22,11,48,25,5,6,9,L
105,37,87,16,15,44,25,2,2,15,L
132,55,105,7,15,52,40,8,2,7,W
95,34,93,15,12,48,18,6,3,13,L
105,36,85,22,11,54,21,5,6,12,W
129,43,84,25,18,38,23,8,8,14,W
120,45,102,17,13,54,28,5,6,13,L
103,40,85,14,9,45,21,8,3,15,W
94,32,85,22,8,44,19,7,3,12,L
109,43,84,14,9,49,25,7,5,18,W
85,31,90,14,9,43,12,8,4,18,L
123,45,108,18,15,56,28,8,12,14,L
127,48,96,18,13,46,28,9,1,11,W
120,46,88,18,10,53,25,3,3,16,W
109,44,92,15,6,33,28,9,2,7,L
107,38,89,18,13,43,18,8,3,13,L
122,45,99,14,18,58,30,8,6,14,W
120,45,77,14,16,47,36,4,7,14,W
90,29,95,24,8,44,8,7,3,8,L
121,42,88,21,16,52,25,7,2,23,W
111,40,91,20,11,42,24,16,5,15,L
101,35,83,19,12,33,23,5,4,12,L
135,49,89,19,18,53,34,6,5,13,W
104,39,86,10,16,38,23,7,3,14,L
119,48,85,8,15,43,25,6,3,12,W
124,43,80,24,14,35,25,9,4,11,W
116,45,88,10,16,39,30,8,3,13,L
107,34,76,21,18,38,27,5,7,9,W
99,35,84,22,7,48,19,1,2,12,L
135,46,82,18,25,51,28,2,10,11,W
87,23,80,33,8,40,17,7,2,9,L
128,48,86,22,10,47,28,7,0,15,W
119,47,93,8,17,41,32,8,2,12,L
126,43,109,27,13,58,29,10,8,14,W
120,42,102,28,8,62,31,9,7,14,L
109,44,88,17,4,34,20,7,5,15,L
121,47,94,17,10,49,29,10,3,13,W
96,40,97,6,10,46,26,11,9,14,L
103,44,90,7,8,52,30,9,4,17,W
130,45,90,22,18,47,23,7,6,11,W
109,42,98,12,13,45,23,3,5,13,L
111,42,77,14,13,30,29,8,6,17,L
112,43,93,10,16,47,28,9,1,17,W
113,45,83,19,4,40,30,9,6,11,W
108,39,91,13,17,44,25,7,3,13,L
111,43,98,14,11,51,21,5,1,9,W
106,37,85,16,16,44,22,7,9,10,L
125,47,94,19,12,47,25,8,2,13,W
118,43,84,20,12,36,24,9,3,13,L
123,43,85,24,13,43,23,6,5,12,W
119,37,85,34,11,39,20,10,7,10,L
91,30,77,21,10,42,23,6,7,17,L
103,40,88,15,8,48,21,7,6,13,W
114,43,98,18,10,57,29,3,7,14,W
106,41,105,13,11,50,25,6,6,8,L
121,42,97,24,13,49,23,5,5,16,L
124,44,86,29,7,42,27,10,7,11,W
117,43,91,17,14,48,27,5,1,19,W
116,45,87,16,10,37,26,13,5,11,L
106,41,86,14,10,44,24,9,7,12,W
101,37,79,16,11,41,17,11,6,13,L
111,41,102,15,14,56,31,4,5,15,W
107,38,95,21,10,58,27,6,4,18,L
118,46,92,14,12,48,22,7,0,13,L
125,44,82,18,19,38,18,5,4,9,W
120,42,95,22,14,44,20,5,1,7,L
123,44,88,23,12,46,21,2,2,12,W
111,42,91,14,13,35,29,8,2,19,L
142,51,92,22,18,50,34,12,5,18,W
103,34,77,23,12,43,20,3,7,12,L
106,35,86,25,11,49,23,8,8,11,W
129,46,85,20,17,48,28,9,3,14,W
106,39,94,21,7,38,25,8,4,11,L
108,41,97,18,8,45,20,2,3,10,L
112,41,84,22,8,43,16,5,8,9,W
119,43,93,17,16,42,26,6,11,12,W
114,38,98,29,9,59,25,9,7,16,L
124,46,86,19,13,43,32,14,6,16,W
104,44,93,10,6,42,22,10,4,16,L
132,45,88,27,15,46,36,10,7,12,W
95,31,79,24,9,31,16,5,4,18,L
128,48,86,17,15,39,30,12,4,17,W
110,43,86,15,9,34,25,5,8,15,L
93,37,84,13,6,36,18,6,4,17,L
125,52,94,6,15,52,34,10,7,18,W
125,49,101,13,14,51,31,8,11,14,L
129,50,101,18,11,54,23,8,3,11,W
111,44,94,9,14,41,22,12,3,13,L
119,42,83,22,13,54,20,7,4,19,W
157,57,105,34,9,50,35,6,3,17,W
153,59,108,19,16,39,36,10,5,16,L
115,39,83,26,11,44,22,13,5,10,W
100,30,75,26,14,45,19,4,1,18,L
102,36,86,21,9,41,23,4,1,16,L
133,42,82,30,19,42,30,10,0,12,W
117,38,87,33,8,53,21,10,4,11,W
102,36,82,18,12,37,23,6,8,14,L
109,42,88,8,17,30,22,9,3,12,L
114,40,74,18,16,44,22,9,4,18,W
105,41,83,13,10,47,25,8,8,17,W
102,39,93,16,8,47,18,8,7,12,L
113,42,88,19,10,37,31,5,6,10,W
104,39,87,19,7,41,18,4,4,14,L
127,48,83,18,13,45,27,8,8,12,W
100,38,95,14,10,42,25,5,2,13,L
92,32,83,20,8,49,22,9,5,14,W
86,35,81,5,11,42,19,8,7,18,L
133,47,83,27,12,32,25,8,3,12,W
129,50,90,15,14,46,33,5,1,22,L
110,39,93,23,9,41,17,9,3,10,L
116,44,100,21,7,61,23,5,10,14,W
123,41,78,25,16,43,24,4,0,15,L
126,44,92,25,13,40,24,7,5,9,W
115,38,82,23,16,45,29,5,2,15,W
110,38,89,25,9,45,24,4,3,13,L
109,38,85,22,11,47,21,6,2,18,L
125,38,78,39,10,43,28,13,5,10,W
114,44,86,13,13,36,24,7,5,9,L
118,44,94,13,17,41,23,7,6,10,W
107,39,91,17,12,40,25,5,9,10,L
128,47,90,17,17,49,25,7,5,14,W
127,50,110,13,14,54,30,10,3,15,W
126,45,89,23,13,46,25,8,8,17,L
98,35,92,11,17,37,26,8,0,7,L
99,34,77,20,11,59,18,4,12,18,W
107,39,78,16,13,45,16,5,7,18,W
101,39,91,12,11,44,27,15,2,11,L
124,44,86,24,12,55,28,9,5,15,W
92,34,91,18,6,42,22,12,3,15,L
123,47,92,16,13,51,29,16,3,15,W
95,35,84,18,7,38,15,8,7,23,L
122,39,74,29,15,38,29,5,3,22,L
127,47,86,15,18,31,30,12,6,13,W
119,45,96,17,12,39,29,10,2,11,W
103,35,72,18,15,39,22,4,6,22,L
99,41,84,10,7,38,23,9,4,16,L
112,40,81,20,12,39,28,8,5,14,W
105,41,99,14,9,38,30,13,3,9,L
118,48,89,11,11,55,24,5,6,18,W
130,40,91,32,18,62,25,4,5,13,W
106,36,93,20,14,40,22,6,1,9,L
131,49,87,23,10,46,30,10,6,17,W
110,40,86,19,11,38,28,12,5,17,L
116,41,82,21,13,42,29,6,8,15,W
113,43,90,19,8,43,23,9,3,12,L
98,36,83,19,7,37,15,8,4,10,L
107,39,83,18,11,47,27,4,8,14,W
108,42,84,14,10,37,21,3,5,12,L
109,41,90,20,7,48,27,5,2,13,W
100,38,96,11,13,45,21,8,6,14,L
113,42,96,16,13,55,24,7,8,16,W
114,41,90,19,13,40,26,11,3,17,L
129,47,89,19,16,42,27,10,2,16,W
109,41,82,17,10,45,24,8,7,14,W
104,37,82,16,14,37,22,8,6,12,L
98,37,79,14,10,37,21,6,1,14,L
119,43,85,16,17,45,32,10,5,12,W
114,44,97,16,10,52,22,12,5,20,L
122,41,94,28,12,54,23,12,7,18,W
108,39,91,22,8,40,20,9,3,10,L
123,39,75,28,17,43,24,2,8,14,W
127,43,86,20,21,34,27,12,3,17,L
132,50,91,17,15,49,32,12,2,19,W
119,44,97,10,21,48,28,9,4,12,L
120,41,91,24,14,52,22,7,3,12,W
125,52,88,10,11,50,30,5,5,16,W
95,35,89,17,8,38,20,9,4,11,L
107,40,90,15,12,47,25,11,2,16,L
119,44,87,15,16,50,24,11,6,15,W
120,40,80,26,14,46,32,14,6,16,W
90,30,78,19,11,35,22,10,2,19,L
120,46,89,12,16,51,33,4,7,14,W
107,42,99,10,13,44,24,10,4,7,L
113,40,77,23,10,35,27,8,6,15,W
107,39,83,17,12,30,24,5,5,13,L
106,36,83,27,7,41,12,5,4,10,L
108,38,84,21,11,42,25,4,5,10,W
122,45,85,15,17,32,29,7,1,10,W
113,44,81,10,15,37,26,7,5,15,L
115,39,85,27,10,49,26,6,2,14,W
112,46,93,8,12,40,28,8,5,11,L
132,51,93,13,17,46,32,10,3,12,W
111,41,84,17,12,36,26,8,4,14,L
106,39,100,18,10,55,24,4,9,14,L
111,42,94,12,15,52,28,5,9,13,W
119,44,82,21,10,41,30,5,4,12,L
125,41,75,29,14,30,23,8,3,12,W
117,38,91,28,13,39,18,6,5,4,W
114,46,85,8,14,41,37,2,7,14,L
112,47,94,8,10,40,25,5,2,12,L
118,43,88,22,10,50,20,5,5,14,W
124,50,97,13,11,52,29,11,5,11,W
90,31,89,17,11,52,15,7,2,21,L
138,49,91,18,22,41,35,17,7,18,W
101,37,86,18,9,39,19,12,4,23,L
116,39,86,25,13,41,27,10,4,10,W
101,38,83,15,10,44,25,4,3,15,L
114,40,86,21,13,49,23,7,5,14,L
115,38,85,22,17,33,28,7,3,10,W
114,40,84,20,14,39,22,7,2,10,W
113,46,94,12,9,45,24,5,1,16,L
117,45,98,16,11,51,28,7,6,10,L
123,42,91,23,16,50,29,8,5,9,W
99,35,72,16,13,38,20,6,3,14,W
82,28,82,19,7,41,13,9,4,12,L
96,37,86,11,11,41,25,7,5,12,L
124,46,92,18,14,55,25,7,4,8,W
135,48,85,24,15,42,36,10,7,11,W
121,40,85,25,16,41,24,5,1,16,L
116,46,92,9,15,41,22,11,4,16,L
124,44,89,18,18,47,25,10,6,20,W
126,40,83,29,17,37,25,9,7,10,W
120,45,89,18,12,45,24,6,4,16,L
132,47,87,23,15,48,31,9,6,15,W
122,50,93,8,14,27,33,8,4,11,L
104,39,85,15,11,58,24,5,7,19,W
96,37,94,16,6,45,17,13,3,7,L
123,44,85,25,10,42,28,3,5,10,L
133,45,86,26,17,36,33,6,4,6,W
123,43,82,24,13,45,23,4,5,17,W
112,44,97,19,5,40,27,12,8,11,L
103,39,92,17,8,47,20,11,9,8,L
116,40,89,13,23,48,27,4,4,11,W
93,33,88,16,11,43,17,2,5,10,L
116,42,89,19,13,57,19,4,5,10,W
130,48,101,20,14,49,30,9,4,14,L
138,47,87,34,10,47,32,7,8,15,W
110,42,93,15,11,48,28,3,6,14,L
113,43,93,15,12,47,27,7,2,14,W
106,39,87,20,8,48,22,5,4,13,L
121,41,84,27,12,38,29,5,5,10,W
106,39,88,15,13,33,22,8,7,11,L
123,49,91,11,14,50,26,3,4,15,W
124,38,92,35,13,67,21,10,9,22,W
81,23,83,28,7,42,11,10,5,18,L
111,39,88,16,17,43,19,9,5,9,W
103,36,83,19,12,45,22,5,6,14,L
110,43,91,16,8,43,19,7,3,15,L
117,46,84,16,9,47,28,6,7,18,W
131,47,92,19,18,47,19,7,6,9,W
115,39,80,26,11,40,23,4,2,12,L
132,46,82,22,18,38,33,8,4,16,W
121,45,92,18,13,41,26,12,3,15,L
127,47,94,24,9,40,25,13,6,8,W
124,49,91,10,16,38,35,6,7,18,L
99,35,92,22,7,53,17,6,2,12,L
102,35,92,19,13,52,24,7,6,10,W
111,41,88,18,11,45,24,9,3,15,L
132,48,101,20,16,52,30,8,6,12,W
142,53,100,16,20,53,35,10,4,13,W
115,42,84,15,16,36,26,6,5,16,L
112,44,92,11,13,51,33,8,6,16,W
97,33,93,19,12,47,23,12,3,13,L
115,46,93,11,12,47,30,10,8,11,W
101,36,85,21,8,46,18,8,7,16,L
114,40,76,31,3,33,19,13,0,11,W
108,42,82,13,11,32,25,6,3,16,L
90,35,88,10,10,38,27,8,5,15,L
111,45,99,10,11,55,26,8,5,15,W
115,43,86,18,11,44,26,6,3,9,L
124,47,94,18,12,50,24,7,2,9,W
139,52,102,18,17,50,25,7,4,20,W
130,47,101,18,18,48,25,10,7,16,L
132,45,86,20,22,48,34,10,5,14,W
102,36,87,16,14,42,26,8,0,16,L
102,41,93,13,7,41,23,11,2,11,L
108,36,76,22,14,45,25,4,1,19,W
77,27,86,17,6,37,11,3,4,8,L
107,36,84,26,9,55,20,3,3,13,W
104,38,84,19,9,36,24,5,4,14,L
119,41,85,26,11,47,12,7,1,10,W
85,29,89,18,9,36,19,4,2,10,L
123,42,81,22,17,50,31,3,5,9,W
106,40,82,17,9,51,26,11,3,20,W
100,38,85,12,12,38,24,11,5,16,L
115,43,86,13,16,41,21,6,10,12,W
109,41,87,17,10,41,26,10,3,13,L
129,51,91,9,18,45,29,13,15,12,W
100,30,93,26,14,50,19,5,5,20,L
102,35,84,25,7,49,19,5,6,13,L
113,42,88,15,14,36,26,9,4,8,W
110,41,90,13,15,37,24,8,5,9,L
118,40,86,22,16,49,31,4,3,12,W
112,43,90,17,9,47,28,5,3,10,W
106,40,82,14,12,36,22,7,3,12,L
114,42,90,24,6,47,23,10,3,9,W
103,35,83,23,10,42,21,4,4,14,L
105,35,79,27,8,40,25,5,2,18,L
117,41,86,24,11,42,28,9,6,9,W
113,40,88,22,11,47,20,6,8,14,W
100,41,86,12,6,39,29,9,3,13,L
114,38,90,28,10,54,23,8,6,16,L
118,46,104,17,9,54,23,8,16,10,W
120,43,86,19,15,40,31,9,2,17,L
142,52,87,16,22,38,41,11,1,14,W
104,34,85,30,6,54,15,8,6,13,W
102,37,92,15,13,57,20,10,8,17,L
112,44,88,13,11,40,27,7,8,16,L
117,42,94,19,14,48,19,11,4,17,W
122,48,91,12,14,37,25,5,3,9,W
109,39,85,22,9,47,21,6,6,11,L
104,35,88,19,15,53,23,7,1,18,L
113,35,83,28,15,46,21,12,5,15,W
91,36,86,14,5,40,19,7,4,14,L
101,39,88,14,9,46,20,12,5,14,W
119,45,92,15,14,47,23,6,10,13,W
108,42,102,13,11,52,28,6,3,12,L
122,45,93,14,18,55,33,3,7,12,W
109,38,92,16,17,39,27,8,2,5,L
115,43,78,18,11,39,32,4,5,19,L
127,48,102,19,12,50,28,12,6,8,W
125,47,94,18,13,33,27,6,3,7,L
134,48,86,22,16,44,21,4,5,10,W
127,48,93,20,11,43,21,10,3,11,W
118,39,83,26,14,35,26,7,8,15,L
110,44,89,16,6,39,30,11,3,14,W
107,39,83,18,11,40,27,8,5,17,L
106,40,89,16,10,46,25,5,3,6,W
102,36,80,18,12,44,23,3,4,10,L
92,33,88,17,9,45,16,8,3,11,L
95,33,74,14,15,42,20,7,5,18,W
114,41,91,14,18,50,28,7,7,12,L
116,35,92,32,14,45,21,7,3,8,W
131,46,84,22,17,36,27,9,3,12,W
128,46,89,21,15,43,23,7,4,15,L
130,48,93,24,10,45,30,17,3,11,W
105,39,77,15,12,39,24,3,4,25,L
118,41,97,23,13,44,25,7,8,11,L
125,48,102,18,11,57,30,8,5,13,W
111,36,81,23,16,37,24,4,2,19,L
140,58,102,12,12,51,36,12,5,11,W
120,41,86,23,15,49,28,7,4,12,W
111,43,98,13,12,43,29,5,8,11,L
122,40,109,30,12,49,28,13,6,4,W
113,44,88,15,10,56,25,4,9,21,L
114,44,82,13,13,42,29,8,3,14,W
110,36,84,26,12,48,25,8,6,13,L
116,42,90,16,16,49,31,4,3,18,L
134,49,91,16,20,37,33,12,7,6,W
149,52,90,28,17,40,28,8,3,16,W
139,52,97,22,13,36,33,5,11,15,L
126,45,84,18,18,44,26,7,4,13,W
112,42,82,18,10,35,28,7,1,12,L
103,36,88,21,10,40,22,5,5,15,L
112,39,82,24,10,45,25,10,3,16,W
117,40,86,25,12,42,21,10,3,14,W
111,37,93,20,17,45,21,7,4,14,L
103,34,87,22,13,43,20,7,7,13,L
114,39,96,26,10,64,24,8,9,13,W
102,41,98,14,6,49,23,4,3,19,L
135,54,105,12,15,51,38,11,11,10,W
150,53,88,28,16,48,35,9,4,13,W
108,36,95,21,15,37,25,2,4,12,L
105,29,72,35,12,44,20,1,1,13,W
98,37,80,14,10,39,23,6,5,13,L
115,43,86,17,12,45,29,7,4,17,L
131,49,90,15,18,34,35,9,2,9,W
106,40,93,13,13,43,28,6,2,13,L
116,43,87,19,11,43,30,8,8,9,W
114,39,80,27,9,39,25,9,4,9,L
118,41,79,24,12,39,24,6,2,11,W
127,46,90,20,15,41,30,7,3,10,W
109,41,87,22,5,48,26,7,8,11,L
113,41,83,19,12,37,21,5,2,11,W
111,45,91,12,9,45,28,2,2,11,L
128,40,80,32,16,47,31,9,8,11,W
98,40,91,7,11,41,26,1,3,12,L
112,42,85,12,16,33,26,9,3,12,L
129,53,95,10,13,49,32,5,4,11,W
104,39,93,16,10,38,23,7,4,14,L
124,40,90,27,17,51,22,7,6,17,W
122,43,98,17,19,48,31,10,2,12,W
120,43,82,21,13,47,24,11,1,19,L
110,43,91,12,12,37,28,10,2,12,L
125,42,83,22,19,47,20,8,6,17,W
110,38,81,19,15,53,23,4,4,10,W
88,32,86,13,11,38,19,8,4,8,L
135,47,89,23,18,47,21,12,3,13,W
126,46,94,18,16,39,27,8,5,15,L
100,38,78,13,11,41,27,7,2,14,L
103,38,83,16,11,43,14,5,1,11,W
120,47,97,15,11,45,24,3,4,14,L
134,47,94,20,20,45,34,11,3,9,W
101,37,80,15,12,40,21,4,3,12,L
111,37,75,21,16,38,23,9,4,12,W
120,45,91,17,13,40,28,12,6,10,W
105,40,86,17,8,48,18,6,10,17,L
128,45,77,28,10,45,24,7,4,21,W
123,48,96,14,13,37,29,14,4,14,L
119,44,98,17,14,46,31,11,4,11,W
116,46,92,14,10,51,35,6,3,19,L
100,31,90,28,10,60,18,9,3,13,W
97,34,79,16,13,38,19,2,6,13,L
128,47,96,15,19,43,33,6,4,14,W
123,49,97,13,12,46,25,8,2,12,L
120,46,95,10,18,46,25,5,0,6,W
108,40,84,18,10,47,19,4,5,12,L
118,39,79,28,12,42,24,9,8,16,L
121,47,101,13,14,46,29,7,4,13,W
124,48,96,14,14,58,24,13,4,10,W
91,32,89,16,11,40,22,5,4,16,L
92,31,86,19,11,43,23,10,8,12,L
121,47,97,11,16,59,30,9,5,12,W
102,35,85,25,7,37,20,6,0,11,L
129,47,84,24,11,49,23,5,4,13,W
126,46,82,12,22,43,33,11,1,13,W
97,33,79,18,13,37,23,5,6,16,L
119,43,97,14,19,51,27,6,4,14,L
138,47,92,22,22,44,30,12,2,11,W
108,39,89,16,14,44,18,4,4,15,L
129,44,88,21,20,46,33,8,8,9,W
113,45,88,13,10,44,28,7,4,16,W
109,41,85,14,13,38,23,10,6,16,L
119,48,91,10,13,41,25,3,1,15,L
127,44,85,26,13,36,30,10,1,8,W
129,48,84,18,15,41,38,10,2,16,W
98,38,81,13,9,32,23,10,3,18,L
98,37,86,14,10,45,26,6,3,17,L
122,46,96,14,16,51,26,14,6,14,W
112,41,87,20,10,40,22,7,4,16,L
117,43,96,24,7,54,22,12,1,16,W
90,32,83,19,7,60,22,11,4,21,W
85,30,92,12,13,47,19,13,7,16,L
127,46,92,23,12,50,25,12,5,18,W
124,39,91,30,16,42,27,12,2,15,L
93,31,83,15,16,37,20,7,2,11,L
108,34,74,23,17,49,16,9,11,12,W
124,47,82,11,19,38,29,4,6,9,W
104,35,87,20,14,41,22,4,3,11,L
88,30,73,21,7,40,21,7,5,10,L
93,35,93,16,7,56,16,5,4,9,W
108,41,90,15,11,57,26,5,1,15,L
110,38,98,19,15,44,25,7,2,11,W
103,40,90,14,9,47,23,9,4,15,L
106,40,79,13,13,35,34,5,10,17,W
120,45,86,16,14,38,29,3,2,12,L
131,53,94,13,12,41,34,7,3,8,W
119,37,88,37,8,47,22,15,7,9,W
115,36,85,34,9,48,22,8,5,20,L
106,38,80,20,10,34,23,6,4,12,L
113,43,86,12,15,45,26,6,4,12,W
114,45,83,13,11,41,31,5,4,14,W
106,37,83,18,14,37,18,8,7,14,L
113,44,90,14,11,42,28,6,7,6,W
99,40,91,13,6,49,26,5,6,14,L
115,42,85,11,20,44,30,5,8,13,W
97,35,85,21,6,47,24,7,6,11,L
132,44,86,29,15,42,22,8,7,9,W
123,48,93,10,17,42,23,5,4,11,L
110,40,83,16,14,47,27,5,3,12,W
108,36,91,23,13,50,21,9,3,9,L
90,34,85,11,11,48,21,6,3,18,L
94,34,79,16,10,39,25,9,6,14,W
117,40,81,22,15,43,26,7,5,14,W
111,42,86,14,13,41,20,12,4,14,L
98,39,92,7,13,33,21,9,4,7,L
126,50,82,14,12,53,26,4,6,15,W
127,45,83,21,16,40,31,4,5,11,W
115,42,86,21,10,35,27,3,7,6,L
121,43,83,15,20,40,30,5,3,9,W
106,42,89,9,13,45,26,5,4,11,L
101,37,92,13,14,40,21,8,3,14,L
122,44,88,22,12,54,30,10,4,16,W
109,42,91,11,14,42,34,11,3,15,L
110,43,82,12,12,36,26,7,3,17,W
125,50,84,6,19,39,37,8,10,13,W
97,35,88,19,8,40,13,8,1,14,L
118,40,77,23,15,45,23,5,2,13,W
104,37,85,16,14,34,26,8,1,10,L
120,43,87,25,9,39,18,6,10,14,L
132,47,101,19,19,46,28,8,7,13,W
116,42,95,19,13,45,27,5,5,12,L
125,45,86,23,12,43,30,6,9,13,W
102,36,93,13,17,45,24,3,3,11,L
118,38,79,25,17,44,21,6,6,12,W
110,42,86,18,8,42,24,9,1,13,W
91,33,82,21,4,45,17,8,5,16,L
121,50,97,10,11,45,25,6,3,12,L
126,47,91,22,10,43,26,7,5,7,W
96,36,94,17,7,43,18,5,5,18,L
133,46,94,22,19,53,34,8,11,14,W
104,37,79,18,12,36,24,4,3,13,L
117,42,89,17,16,40,26,9,5,9,W
103,39,92,16,9,31,20,7,8,11,L
133,50,93,12,21,55,34,8,9,17,W
114,42,81,14,16,41,23,5,2,16,W
102,43,92,5,11,41,25,9,1,11,L
126,41,83,32,12,43,23,10,2,11,W
109,40,78,15,14,33,25,5,4,15,L
130,48,81,19,15,37,27,5,2,17,L
140,52,86,23,13,29,32,7,3,9,W
101,38,84,8,17,38,25,7,2,12,L
107,41,88,12,13,45,26,7,3,10,W
100,36,83,19,9,45,23,6,7,17,W
97,39,95,13,6,48,19,9,8,15,L
121,46,89,15,14,44,27,11,4,12,W
110,43,90,10,14,47,27,4,1,16,L
103,35,70,21,12,35,18,6,3,15,L
111,36,82,22,17,42,23,8,2,11,W
95,35,90,15,10,45,21,4,5,11,L
116,43,84,19,11,45,26,4,2,9,W
125,43,83,20,19,37,27,12,3,16,W
106,43,85,17,3,38,28,6,3,17,L
97,34,85,21,8,39,19,7,7,16,L
122,43,92,21,15,52,23,12,8,13,W
103,40,90,13,10,42,23,4,11,8,L
107,39,92,22,7,49,22,4,6,10,W
110,45,106,7,13,57,27,9,3,13,L
114,42,98,19,11,59,24,4,4,14,W
91,33,79,14,11,35,23,5,3,14,L
131,51,84,14,15,42,34,9,3,6,W
94,34,82,19,7,46,17,7,3,13,L
98,36,75,21,5,37,23,6,1,15,W
95,33,75,19,10,39,20,7,5,24,L
110,39,83,21,11,40,26,15,5,17,W
102,37,93,21,7,46,19,4,7,14,L
127,49,102,16,13,54,30,10,9,8,W
113,41,85,23,8,47,33,11,5,15,W
107,39,84,15,14,36,29,8,5,17,L
115,44,84,12,15,38,34,12,8,21,W
98,37,93,12,12,51,21,14,4,23,L
104,34,85,23,13,51,19,8,8,14,W
102,39,85,16,8,37,23,8,5,10,L
134,49,87,19,17,45,27,7,5,13,W
112,45,84,8,14,30,26,7,3,14,L
115,38,89,31,8,46,20,8,2,10,L
123,44,84,19,16,42,33,5,8,12,W
104,37,89,20,10,45,22,6,4,12,L
114,45,87,11,13,40,24,5,5,13,W
116,44,91,19,9,41,25,10,1,7,W
108,42,80,10,14,39,26,5,2,15,L
110,43,97,17,7,50,30,9,11,11,L
119,42,98,18,17,53,26,6,2,12,W
114,40,77,17,17,45,21,3,2,10,W
100,41,89,6,12,36,23,5,1,6,L
113,40,86,21,12,51,29,7,3,16,W
109,44,93,8,13,40,33,11,3,15,L
107,37,83,20,13,41,26,11,4,15,W
101,42,87,7,10,45,31,6,1,17,L
132,47,86,21,17,40,32,11,4,15,W
123,45,87,16,17,28,32,7,6,14,L
123,49,90,6,19,48,30,7,1,16,W
100,37,81,14,12,32,21,6,2,14,L
104,34,79,30,6,47,16,6,3,14,L
109,38,89,21,12,46,19,4,4,6,W
112,39,95,22,12,57,23,5,7,17,L
115,46,106,13,10,52,16,10,11,10,W
120,38,92,24,20,44,26,5,9,12,L
123,47,100,22,7,56,28,11,5,13,W
95,33,81,20,9,40,18,6,7,17,L
123,43,92,25,12,52,26,11,3,14,W
131,51,112,9,20,47,28,17,5,11,L
134,48,90,18,20,49,32,7,3,21,W
118,44,88,16,14,48,26,5,4,11,W
116,43,89,14,16,40,28,7,3,9,L
107,43,85,15,6,36,26,9,1,9,W
94,38,79,12,6,37,25,6,7,14,L
130,42,76,31,15,41,24,9,6,19,W
123,48,99,11,16,39,28,11,4,14,L
128,45,87,18,20,46,27,5,1,8,W
110,40,89,18,12,48,20,7,2,9,L
121,41,83,24,15,33,21,8,4,11,W
115,43,78,17,12,38,23,5,5,15,L
112,42,83,17,11,39,24,7,3,15,L
120,46,88,12,16,38,28,6,6,12,W
125,50,80,13,12,43,33,6,4,20,W
118,44,97,18,12,37,29,11,4,8,L
110,40,96,19,11,42,21,8,5,12,L
127,47,92,20,13,51,35,5,8,12,W
98,35,85,17,11,44,27,9,1,18,L
106,38,79,17,13,42,27,9,6,18,W
114,40,85,18,16,43,23,5,5,14,L
125,49,90,15,12,40,39,7,3,12,W
102,37,92,17,11,48,26,11,9,22,L
125,48,96,11,18,47,32,9,4,19,W
118,43,94,19,13,51,23,7,4,18,L
121,44,95,26,7,44,21,7,10,9,W
136,49,91,20,18,43,28,10,4,13,W
118,41,87,19,17,42,31,5,2,18,L
111,42,83,13,14,37,26,8,1,15,L
112,44,91,8,16,40,26,8,5,14,W
103,35,83,20,13,48,26,7,4,21,L
107,38,92,24,7,46,20,9,1,14,W
117,40,78,31,6,40,26,16,6,14,W
107,39,85,15,14,41,30,7,4,22,L
94,31,69,25,7,39,22,8,9,15,L
102,41,82,10,10,38,26,11,4,10,W
120,40,89,28,12,57,17,12,3,23,W
119,45,97,11,18,41,31,12,7,16,L
135,50,102,25,10,50,24,6,3,8,W
130,45,90,24,16,40,26,7,5,12,L
109,41,83,20,7,40,18,5,3,11,L
122,46,90,15,15,41,25,7,2,8,W
89,34,79,10,11,45,24,6,4,22,L
102,36,86,17,13,41,21,13,3,10,W
103,34,78,24,11,36,14,3,3,13,L
135,49,90,20,17,45,33,7,4,9,W
128,45,83,26,12,40,29,7,4,16,W
123,42,81,22,17,30,25,9,3,16,L
117,41,97,18,17,45,26,9,7,11,L
122,42,81,26,12,47,29,6,11,13,W
114,47,86,10,10,39,27,8,4,20,L
122,46,102,23,7,48,30,7,2,11,W
153,56,92,18,23,36,34,9,7,10,W
119,50,94,11,8,38,30,6,5,15,L
101,36,84,18,11,54,24,1,8,17,L
110,40,94,15,15,44,29,9,8,8,W
111,41,92,14,15,42,27,12,2,12,L
130,46,81,22,16,44,34,9,6,15,W
130,46,86,26,12,44,36,7,2,18,L
136,43,86,31,19,38,26,14,4,12,W
114,41,79,25,7,37,23,8,4,15,W
111,39,82,22,11,40,24,10,1,17,L
144,53,87,17,21,47,38,10,5,19,W
114,42,87,19,11,32,34,14,1,17,L
119,44,81,16,15,43,26,6,3,12,W
101,31,77,26,13,35,19,6,4,11,L
122,36,86,37,13,54,18,10,4,7,W
115,42,99,14,17,52,17,5,3,13,L
109,37,86,26,9,39,21,5,4,6,L
127,44,82,22,17,41,28,4,1,9,W
111,40,84,11,20,41,30,5,6,11,W
107,38,89,16,15,47,19,8,2,13,L
144,56,91,9,23,39,39,6,5,8,W
102,38,82,18,8,32,21,4,2,12,L
118,39,76,24,16,38,28,7,3,14,W
112,42,95,13,15,36,25,9,1,9,L
129,47,82,23,12,38,33,10,5,12,W
118,49,92,14,6,40,31,4,5,13,L
117,45,94,15,12,58,33,6,11,19,L
121,43,99,14,21,38,31,11,4,12,W
108,35,78,23,15,41,24,10,3,12,L
112,33,80,35,11,50,23,7,8,14,W
118,45,93,13,15,56,29,9,7,10,W
88,30,85,16,12,40,18,5,2,11,L
114,41,79,14,18,38,30,9,4,17,W
109,35,83,27,12,38,19,12,1,17,L
132,48,85,20,16,36,28,8,4,24,L
139,51,86,20,17,32,32,13,6,19,W
96,37,89,15,7,33,22,14,4,11,L
117,43,87,14,17,54,33,7,4,18,W
92,33,84,10,16,39,22,7,4,14,L
113,38,84,23,14,51,25,9,1,13,W
109,41,79,11,16,47,29,8,8,17,W
90,31,81,21,7,35,19,5,1,13,L
100,35,87,21,9,54,22,4,5,16,L
119,45,95,8,21,41,33,10,5,10,W
122,45,95,20,12,48,29,8,10,16,L
131,47,87,14,23,36,34,8,3,16,W
115,42,86,15,16,47,25,6,4,12,L
120,47,93,10,16,43,31,9,8,7,W
105,40,99,14,11,48,18,8,6,11,L
118,39,86,25,15,52,22,6,9,17,W
144,48,84,25,23,41,29,10,1,15,W
115,45,85,13,12,31,34,8,3,15,L
108,43,94,8,14,43,31,5,4,7,L
118,44,101,21,9,60,20,6,5,8,W
106,42,98,13,9,42,22,8,2,15,L
127,46,87,23,12,47,32,8,8,14,W
114,41,91,18,14,38,27,6,3,10,L
132,56,101,7,13,52,38,4,4,10,W
94,35,83,13,11,40,24,10,6,17,L
98,39,81,11,9,47,15,12,12,17,W
97,41,98,8,7,51,22,4,2,11,L
116,44,89,16,12,48,31,6,3,11,W
121,40,96,29,12,61,23,8,8,17,W
115,39,101,24,13,51,26,13,7,13,L
123,45,88,21,12,44,26,13,2,13,W
109,39,76,20,11,34,28,4,3,15,L
110,39,86,23,9,46,22,7,3,16,L
121,50,102,7,14,53,38,10,4,14,W
131,45,80,26,15,41,28,8,1,10,W
113,35,82,32,11,42,26,7,5,11,L
110,41,93,14,14,49,28,7,6,14,W
98,32,83,21,13,42,22,4,7,11,L
118,43,92,16,16,39,26,11,1,6,W
103,42,86,9,10,44,26,4,4,14,L
117,43,88,14,17,42,29,11,6,13,W
94,35,80,17,7,40,19,7,4,17,L
101,37,90,11,16,32,27,9,1,10,L
137,49,84,24,15,55,29,7,10,13,W
113,33,75,35,12,55,20,7,9,17,W
109,42,108,8,17,54,29,11,2,12,L
101,38,95,10,15,43,27,6,4,16,L
128,48,92,20,12,56,29,9,10,12,W
114,37,75,21,19,37,26,7,3,17,L
119,45,91,14,15,41,22,7,4,11,W
121,43,87,14,21,44,30,8,4,16,L
127,49,97,15,14,48,27,13,5,11,W
127,41,96,25,20,47,25,8,2,11,W
121,43,89,25,10,45,31,5,5,12,L
127,44,93,26,13,49,31,15,1,12,W
94,36,69,11,11,27,28,10,4,22,L
122,44,80,22,12,43,27,7,2,19,W
109,42,89,14,11,34,30,8,3,13,L
128,51,97,10,16,45,39,10,5,15,W
112,37,83,29,9,42,14,8,4,19,L
131,50,101,20,11,51,29,7,1,8,W
101,35,90,21,10,43,27,6,5,14,L
114,41,88,16,16,42,27,13,3,10,W
92,35,69,13,9,37,21,5,5,22,L
107,40,82,19,8,31,19,4,4,9,L
118,43,92,20,12,45,30,5,8,11,W
115,43,81,19,10,41,24,6,3,19,L
117,44,96,22,7,41,20,13,4,10,W
109,42,88,17,8,43,17,9,0,15,L
113,40,72,22,11,33,20,9,1,17,W
117,44,82,16,13,31,25,7,1,12,L
133,52,86,10,19,38,34,7,4,11,W
128,42,79,24,20,51,25,9,5,15,W
78,31,83,9,7,29,20,9,2,17,L
111,46,92,13,6,46,27,7,3,13,W
105,35,88,24,11,44,20,8,4,11,L
120,41,82,29,9,45,23,8,4,10,W
101,40,88,15,6,44,21,5,3,14,L
117,42,86,12,21,48,29,7,3,17,W
98,38,86,15,7,42,24,12,2,13,L
114,41,91,26,6,29,23,10,3,16,L
141,53,90,17,18,48,41,6,9,19,W
120,41,78,28,10,31,28,8,6,17,L
133,50,90,21,12,42,37,14,3,15,W
100,33,81,26,8,51,23,8,1,12,W
94,32,80,20,10,41,19,5,3,12,L
134,52,81,22,8,50,30,5,6,21,W
126,47,104,13,19,30,32,16,1,7,L
108,42,94,16,8,43,25,12,3,11,L
124,48,89,10,18,48,34,6,9,20,W
133,51,94,12,19,48,39,5,5,12,W
115,39,88,25,12,41,27,7,2,12,L
130,46,85,18,20,43,34,5,3,16,W
120,43,89,23,11,35,26,15,3,8,L
141,49,100,28,15,45,33,10,7,14,L
146,44,94,42,16,50,26,4,6,13,W
130,45,87,19,21,50,29,4,4,13,W
114,41,89,15,17,34,24,4,4,8,L
138,54,97,12,18,57,34,4,8,9,W
88,37,98,5,9,40,17,6,2,10,L
139,54,99,13,18,56,34,5,2,15,W
110,39,102,17,15,45,27,11,6,10,L
124,44,83,26,10,48,22,9,3,23,W
120,46,91,17,11,32,30,7,9,13,L
107,42,99,9,14,42,24,10,0,12,L
128,49,81,11,19,41,33,5,2,17,W
105,40,87,10,15,48,32,6,5,17,W
94,36,92,10,12,43,27,10,2,14,L
111,40,94,12,19,47,20,5,4,10,L
125,45,91,12,23,48,33,4,3,10,W
118,46,88,21,5,42,25,13,6,11,W
106,38,83,19,11,42,26,4,4,20,L
109,42,103,11,14,50,27,9,7,11,L
116,40,76,22,14,40,26,9,7,15,W
80,31,83,9,9,32,21,11,8,16,L
111,37,82,28,9,60,23,8,6,17,W
